CREATE DATABASE  IF NOT EXISTS `pap` /*!40100 DEFAULT CHARACTER SET utf8 */;
USE `pap`;
-- MySQL dump 10.13  Distrib 5.5.16, for Win32 (x86)
--
-- Host: localhost    Database: pap
-- ------------------------------------------------------
-- Server version	5.5.16

/*!40101 SET @OLD_CHARACTER_SET_CLIENT=@@CHARACTER_SET_CLIENT */;
/*!40101 SET @OLD_CHARACTER_SET_RESULTS=@@CHARACTER_SET_RESULTS */;
/*!40101 SET @OLD_COLLATION_CONNECTION=@@COLLATION_CONNECTION */;
/*!40101 SET NAMES utf8 */;
/*!40103 SET @OLD_TIME_ZONE=@@TIME_ZONE */;
/*!40103 SET TIME_ZONE='+00:00' */;
/*!40014 SET @OLD_UNIQUE_CHECKS=@@UNIQUE_CHECKS, UNIQUE_CHECKS=0 */;
/*!40014 SET @OLD_FOREIGN_KEY_CHECKS=@@FOREIGN_KEY_CHECKS, FOREIGN_KEY_CHECKS=0 */;
/*!40101 SET @OLD_SQL_MODE=@@SQL_MODE, SQL_MODE='NO_AUTO_VALUE_ON_ZERO' */;
/*!40111 SET @OLD_SQL_NOTES=@@SQL_NOTES, SQL_NOTES=0 */;

--
-- Table structure for table `menu_perfil`
--

DROP TABLE IF EXISTS `menu_perfil`;
/*!40101 SET @saved_cs_client     = @@character_set_client */;
/*!40101 SET character_set_client = utf8 */;
CREATE TABLE `menu_perfil` (
  `id_perfil` int(10) unsigned NOT NULL,
  `id_menu` int(10) unsigned NOT NULL,
  PRIMARY KEY (`id_perfil`,`id_menu`),
  KEY `Perfil_has_Menu_FKIndex1` (`id_perfil`),
  KEY `Perfil_has_Menu_FKIndex2` (`id_menu`),
  CONSTRAINT `menu_perfil_ibfk_1` FOREIGN KEY (`id_perfil`) REFERENCES `perfil` (`id`),
  CONSTRAINT `menu_perfil_ibfk_2` FOREIGN KEY (`id_menu`) REFERENCES `menu` (`id`)
) ENGINE=InnoDB DEFAULT CHARSET=utf8;
/*!40101 SET character_set_client = @saved_cs_client */;

--
-- Dumping data for table `menu_perfil`
--

LOCK TABLES `menu_perfil` WRITE;
/*!40000 ALTER TABLE `menu_perfil` DISABLE KEYS */;
INSERT INTO `menu_perfil` VALUES (1,1),(1,2),(1,3),(1,4),(1,5),(1,6),(1,7);
/*!40000 ALTER TABLE `menu_perfil` ENABLE KEYS */;
UNLOCK TABLES;

--
-- Table structure for table `mecanico`
--

DROP TABLE IF EXISTS `mecanico`;
/*!40101 SET @saved_cs_client     = @@character_set_client */;
/*!40101 SET character_set_client = utf8 */;
CREATE TABLE `mecanico` (
  `cpf` varchar(15) NOT NULL,
  `nome` varchar(45) DEFAULT NULL,
  `oficina` varchar(45) DEFAULT NULL,
  `telefone` varchar(11) DEFAULT NULL,
  PRIMARY KEY (`cpf`)
) ENGINE=InnoDB DEFAULT CHARSET=utf8;
/*!40101 SET character_set_client = @saved_cs_client */;

--
-- Dumping data for table `mecanico`
--

LOCK TABLES `mecanico` WRITE;
/*!40000 ALTER TABLE `mecanico` DISABLE KEYS */;
INSERT INTO `mecanico` VALUES ('111.111.111-11','Lorraini','Losange','1234'),('222.222.222-22','lol','lol','123');
/*!40000 ALTER TABLE `mecanico` ENABLE KEYS */;
UNLOCK TABLES;

--
-- Table structure for table `usuario`
--

DROP TABLE IF EXISTS `usuario`;
/*!40101 SET @saved_cs_client     = @@character_set_client */;
/*!40101 SET character_set_client = utf8 */;
CREATE TABLE `usuario` (
  `id` int(10) NOT NULL AUTO_INCREMENT,
  `id_perfil` int(10) unsigned NOT NULL,
  `login` varchar(45) DEFAULT NULL,
  `senha` varchar(32) DEFAULT NULL,
  `nome` varchar(45) DEFAULT NULL,
  `telefone` varchar(11) DEFAULT NULL,
  PRIMARY KEY (`id`),
  KEY `usuario_FKIndex1` (`id_perfil`),
  CONSTRAINT `usuario_ibfk_1` FOREIGN KEY (`id_perfil`) REFERENCES `perfil` (`id`)
) ENGINE=InnoDB AUTO_INCREMENT=2 DEFAULT CHARSET=utf8;
/*!40101 SET character_set_client = @saved_cs_client */;

--
-- Dumping data for table `usuario`
--

LOCK TABLES `usuario` WRITE;
/*!40000 ALTER TABLE `usuario` DISABLE KEYS */;
INSERT INTO `usuario` VALUES (1,1,'admin','698dc19d489c4e4db73e28a713eab07b','Admin','123');
/*!40000 ALTER TABLE `usuario` ENABLE KEYS */;
UNLOCK TABLES;

--
-- Table structure for table `menu`
--

DROP TABLE IF EXISTS `menu`;
/*!40101 SET @saved_cs_client     = @@character_set_client */;
/*!40101 SET character_set_client = utf8 */;
CREATE TABLE `menu` (
  `id` int(10) unsigned NOT NULL AUTO_INCREMENT,
  `menu` varchar(255) DEFAULT NULL,
  `link` varchar(255) DEFAULT NULL,
  `icone` varchar(255) DEFAULT NULL,
  PRIMARY KEY (`id`)
) ENGINE=InnoDB AUTO_INCREMENT=8 DEFAULT CHARSET=utf8;
/*!40101 SET character_set_client = @saved_cs_client */;

--
-- Dumping data for table `menu`
--

LOCK TABLES `menu` WRITE;
/*!40000 ALTER TABLE `menu` DISABLE KEYS */;
INSERT INTO `menu` VALUES (1,'Listar Perfil','listar_perfil.jsp','imagens/listar.png'),(2,'Listar Menu','listar_menu.jsp','imagens/listar.png'),(3,'Listar Usuario','listar_usuario.jsp','imagens/listar.png'),(4,'Inserir Orçamento','form_inserir_orcamento.jsp','imagens/add.png'),(5,'Listar Produto','listar_produto.jsp','imagens/listar.png'),(6,'Listar Requisição','listar_requisicao.jsp','imagens/listar.png'),(7,'Listar Orçamento','listar_orcamento.jsp','imagens/listar.png');
/*!40000 ALTER TABLE `menu` ENABLE KEYS */;
UNLOCK TABLES;

--
-- Table structure for table `produto`
--

DROP TABLE IF EXISTS `produto`;
/*!40101 SET @saved_cs_client     = @@character_set_client */;
/*!40101 SET character_set_client = utf8 */;
CREATE TABLE `produto` (
  `id` int(10) unsigned NOT NULL AUTO_INCREMENT,
  `nome` varchar(45) DEFAULT NULL,
  `cod_barras` varchar(45) DEFAULT NULL,
  `preco` double DEFAULT NULL,
  PRIMARY KEY (`id`)
) ENGINE=InnoDB AUTO_INCREMENT=2391 DEFAULT CHARSET=utf8;
/*!40101 SET character_set_client = @saved_cs_client */;

--
-- Dumping data for table `produto`
--

LOCK TABLES `produto` WRITE;
/*!40000 ALTER TABLE `produto` DISABLE KEYS */;
INSERT INTO `produto` VALUES (1,'POINTER AUTO PEÇAS DIVERSOS',NULL,1),(2,'BCPR5ES JOGO DE VELAS FORD/FIAT NGK ',NULL,35),(3,'OLEO VS+ ',NULL,10),(4,'BATERIA CRAL 70 AMP.',NULL,230),(5,'OLEO FREIO VARGA 500 ML',NULL,8),(6,'3',NULL,9),(7,'OLEO VS 20W50 DUAL',NULL,12),(8,'OLEO AC DELCO 20W40',NULL,10),(9,'OLEO TECNO 15W40 ','15W40 TECNO',20),(10,'OLEO VS MAX 15W40',NULL,13),(11,'OLEO DIR.HID.ATF KRONUS',NULL,10),(12,'K 80 SUN',NULL,10),(13,'ANTICORROSIVO G10',NULL,6),(14,'BATERIA CRAL 40/45 AMPERES','LX45VD',140),(15,'BATERIA CRAL 60 AMPERES','CP60VD CRAL',160),(16,'BATERIA CRAL 70 AMPERES',NULL,250),(17,'JOGO VELAS BPR5EY DELCO','BPR5EY NGK',38),(18,'JOGO VELAS BP5HS DELCO/NGK','BP5HS NGK',28),(19,'JOGO VELAS BP5ES DELCO/NGK',NULL,28),(20,'JOGO VELAS BP6ES DELCO/NGK','BP6ES NGK',28),(21,'JOGO VELAS BPFFS DELCO/NGK',NULL,26),(22,'JOGO VELAS BP8FS DELCO/NGK','BP8FS NGK',28),(23,'JOGO VELAS BCPR5ES NGK','BCPR5ES',38),(24,'JOGO VELAS BPR5EY DELCO/NGK','BPR5EY',45),(25,'JOGO VELAS BPR6EY NGK/DELCO','BPR6EY',38),(26,'JOGO VELAS BP6FS DELCO/NGK','BP6FS NGK',28),(27,'JOGO VELAS 3 ELETRODOS VW ORIGINAL',NULL,58),(28,'JOGO VELAS 2 ELETRODOS DELCO/NGK',NULL,52),(29,'JOGO VELAS FIRE 8V FIAT/NGK ','SP7 BOSCH',50),(30,'JOGO VELAS FIRE 16V NGK/FIAT',NULL,68),(31,'JOGO VELAS GM FLEX DELCO','93363296 ',48),(32,'JOGO VELAS GM VHC DELCO','93328727 GM',38),(33,'JOGO VELAS CAB SUPER',NULL,20),(34,'JOGO VELAS CAB RESISTIVA',NULL,25),(35,'JOGO VELAS 4 ELETRODO BOSCH',NULL,80),(36,'PLATINADO ICESA ',NULL,8),(37,'PLATINADO 044 BOSCH','9232081044',15),(38,'CONDENSADOR MARFLEX','MC465',5),(39,'ROTOR DIST. 628 MARFLEX','R11629',8),(40,'ROTOR DIST. 215 MARFLEX',NULL,10),(41,'ROTOR DIST. 300 MARFLEX',NULL,10),(42,'ROTOR DIST.677 MARFLEX',NULL,10),(43,'ROTOR DIST.216 MONZA MARFLEX',NULL,10),(44,'ROTOR DIST.677 BOSCH','9231087677',20),(45,'ROTOR DIST. 300 BOSCH',NULL,24),(46,'ROTOR DIST.TEMPRA OLIMPIC',NULL,15),(47,'ROTOR DISTR. MONZA EFI OLIMPIC',NULL,10),(48,'FILTRO OLEO GM METAL LEVE',NULL,10),(49,'FILTRO OLEO CHEVETTE METAL LEVE',NULL,12),(50,'FILTRO OLEO OPALA METAL LEVE',NULL,20),(51,'FILTRO OLEO D10/D20 PERKINS METAL LEVE',NULL,18),(52,'FILTRO OLEO MOTOR MWM SPRINT 2.8 M.L',NULL,18),(53,'FILTRO OLEO VW AP ML',NULL,12),(54,'FILTRO OLEO VW AT ML',NULL,13),(55,'FILTRO OLEO FORD 1.4/1.6 CHT ML',NULL,12),(56,'FILTRO OLEO FORD KA FIESTA ECO ML','OC235 ML',12),(57,'FILTRO OLEO F1000 ML',NULL,18),(58,'FILTRO OLEO RANGER ML',NULL,18),(59,'FILTRO OLEO FIAT TODOS ML','PSL47',13),(60,'FILTRO OLEO FIAT FIRE ML',NULL,15),(61,'FILTRO OLEO PALIO/TIPO 1.6 ML',NULL,12),(62,'FILTRO COMBUSTIVEL GRANDE ML',NULL,5),(63,'FILTRO COMBUSTIVEL AUTOLEX',NULL,3),(64,'FILTRO COMBUSTIVEL CORSA GM/FIAT ACDELCO',NULL,10),(65,'FILTRO OLEO VW AP TEC FIL',NULL,12),(66,'FILTRO OLEO VW AT TEC FIL',NULL,12),(67,'CORREIA DENTADA VW AP CONTITECH','CT637 CONTITEC',15),(68,'CORREIA DENTADA CHEVETTE',NULL,12),(69,'CORREIA DENTADA MONZA/KADETT 89/',NULL,20),(70,'CORREIA DENTADA MONZA /88',NULL,20),(71,'CORREIA DENTADA GOL MI 1.0 8V',NULL,38),(72,'CORREIA DENTADA GOL MI 1.0 16V',NULL,58),(73,'CORREIA DENTADA GOL MI POWER 8V 2003/',NULL,88),(74,'CORREIA DENTADA GM 2.2 VECTRA/S10 ACDELCO','90469582 GM',40),(75,'CORREIA DENTADA CORSA TODOS ','CT686',18),(76,'CORREIA DENTADA FIAT FIRE 1.0 16V',NULL,48),(77,'CORREIA DENTADA PALIO 1.0 ',NULL,35),(78,'CORREIA DENTADA FIAT 1300 ALCOOL ',NULL,15),(79,'CORREIA DENTADA FIAT 1300 GAS',NULL,15),(80,'K80','CAR 80',10),(81,'CORREIA DENTADA FIAT 1.0 /95',NULL,15),(82,'CORREIA DENTADA FIAT 1500 ARGENTINO ',NULL,16),(83,'CORREIDA DENTADA TEMPRA/TIPO 2.0 8V',NULL,24),(84,'CORREIA DENTADA TIPO/PALIO 1.6 ',NULL,20),(85,'SOLDA BLOCO-WONDERWELD','A101',50),(86,'PORCA RODA CVT/OPALA',NULL,2),(87,'GRAXA SKF 500ML',NULL,10),(88,'K80 SUN',NULL,10),(89,'ADITIVO MOTOR RADNAQ',NULL,15),(90,'ADITIVO RADIADOR RADNAQ',NULL,8),(91,'ADITIVO RADIADOR VALEO',NULL,15),(92,'DIAFRAGMA CARB. BROSOL 2E',NULL,5),(93,'DIAFRAGMA CARB. WEBER 460',NULL,5),(94,'DIAFRAGMA CARB. VW BROSOL',NULL,3),(95,'DIAFRAGMA VALVULA MAXIMA WEBER',NULL,4),(96,'DIAFRAGMA VALVULA MAXIMA BROSOL',NULL,5),(97,'VALVULA MAXIMA OPALA/CVT BROSOL',NULL,7),(98,'JOGO VELAS FORD ENDURA NGK/BOSCH',NULL,42),(99,'ESTOPA',NULL,1.5),(100,'JOGO VELAS ENDURA BOSCH',NULL,42),(101,'PALHETA DX 18 DYNA/BOSCH',NULL,30),(102,'PALHETA DX19 DYNA/BOSCH',NULL,35),(103,'PALHETA DX20 DYNA/BOSCH',NULL,40),(104,'PALHETA JM','JM16',10),(105,'PALHETA JM 18/23',NULL,18),(106,'PALHETA DX23 PALIO DYNA',NULL,35),(107,'PALHETA TRASEIRA DYNA 14E',NULL,35),(108,'PALHETA TRASEIRA REFIL DYNA',NULL,15),(109,'PALHETA DYNA/BOSCH 323','323 DYNA',65),(110,'PALHETA UNY PEUGEOT',NULL,58),(111,'LAMPADA 1 POLO HBL',NULL,1),(112,'LAMPADA 2 POLOS HBL',NULL,1),(113,'LAMPADA 1 POLO GE',NULL,2),(114,'LAMPADA 2 POLOS GE',NULL,2),(115,'LAMPADA 69 HBL',NULL,0.5),(116,'LAMPADA 69 GE',NULL,1.5),(117,'LAMPADA 67 IMP',NULL,1),(118,'LAMPADA 67 GE',NULL,2),(119,'LAMPADA 75 IMP',NULL,1),(120,'LAMPADA PINGUINHO HBL',NULL,0.5),(121,'LAMPADA PINGÃO HBL',NULL,0.5),(122,'LAMPADA TORPEDO HBL',NULL,1),(123,'LAMPADA TORPEDO GE',NULL,2),(124,'LAMPADA H1 HBL',NULL,3),(125,'LAMPADA H1 GE',NULL,10),(126,'LAMPADA H3 HBL',NULL,3),(127,'LAMPADA H3 GE',NULL,10),(128,'LAMPADA H4 G10',NULL,5),(129,'LAMPADA H5 G10',NULL,5),(130,'LAMPADA H7 HBL',NULL,7),(131,'LAMPADA H7 GE/OSRAM',NULL,25),(132,'LAMPADA H4 GE',NULL,10),(133,'LAMPADA H4 AZUL AGUIA 60/100W',NULL,28),(134,'LAMPADA H7 AZUL AGUIA 100W',NULL,28),(135,'LAMPADA HB5/1 HBL',NULL,18),(136,'LAMPADA PAINEL C/SOQUETE GE',NULL,3),(137,'FUSIVEL LOUÇA G10',NULL,0.2),(138,'FUSIVEL VIDRO G10',NULL,0.3),(139,'FUSIVEL LAMINA G10',NULL,0.25),(140,'FUSIVEL LAMINA MINI',NULL,0.25),(141,'FUSIVEL MAXI G10',NULL,3),(142,'SOLUÇÃO BATERIA',NULL,5),(143,'AGUA BATERIA',NULL,4),(144,'OLEO 80W LUBRAX',NULL,13),(145,'OLEO 90W LUBRAX',NULL,13),(146,'OLEO 140 LUBRIOIL',NULL,10),(147,'ADITIVO RADIADOR VW ORIGINAL',NULL,55),(148,'OLEO MOTOR 5W30 SINTETICO SELENIA',NULL,50),(149,'ABRAÇADEIRA MEDIA',NULL,2),(150,'FILTRO COMBUSTIVEL PALIO GI41 TECFIL',NULL,18),(151,'BOBINA IMPULSORA O18 AJE','087129 AJE',45),(152,'BOBINA IGNIÇÃO 039 MARFLEX','MB924039',35),(153,'BOBINA IGNIÇÃO 067 MARFLEX','MB928067',45),(154,'INDUZIDO M.PARTIDA 594 INDUTEC',NULL,95),(155,'FILTRO COMBUSTIVEL GI/01 TECFIL',NULL,28),(156,'FILTRO COMBUSTIVEL GM EFI GI02/1 TECFIL','GI02/1 TEC FIL',18),(157,'FILTRO COMBUSTIVEL GI03/1 TEC FIL',NULL,24),(158,'FILTRO COMBUSTIVEL VW /96 GI07 ML',NULL,13),(159,'FILTRO COMBUSTIVEL VW MI GIO8 TECFIL',NULL,13),(160,'FILTRO COMBUSTIVEL FORD GI06 TECFIL',NULL,15),(161,'FILTRO COMBUSTIVEL FIAT GI40 TECFIL',NULL,10),(162,'JUNTA CABEÇOTE VW AP 1.6/84 BRANIL',NULL,13),(163,'JOGO JUNTA CARTER FORD CHT BRANIL',NULL,6),(164,'COLA SELANTE RICACOL BRANCA',NULL,8),(165,'COLA MOTOR 3M',NULL,4),(166,'COLA SELANTE SEMA',NULL,5),(167,'COLA SILICONE INCOLOR SEMA',NULL,4),(168,'COLA SELANTE LOCTITE PRETA',NULL,26),(169,'COLA SUPER BOND COLA MAIS',NULL,2),(170,'COLA ARALDITE 3M',NULL,16),(171,'COLA SELANTE AC DELCO',NULL,46),(172,'VEDA ESCAPE',NULL,4),(173,'FITA DUPLA FACE 3M',NULL,3),(174,'GRAFITEX G10',NULL,3),(175,'AROMATIZANTE SPRING',NULL,5),(176,'SILICONE PAINEL TEC BRIL',NULL,5),(177,'SILICONE PRAY G10',NULL,8),(178,'GRAFITE SPRAY G10',NULL,8),(179,'LIMPA CONTATO',NULL,10),(180,'LIMPA PNEU TECBRIL',NULL,8),(181,'SHAMPOO LAVA CARRO TEC BRIL',NULL,5),(182,'LIMPA PARABRISA ACDELCO',NULL,4),(183,'LIMPA RADIADOR ORBI ',NULL,6),(184,'THINNER TOZAN',NULL,8),(185,'QUEROSENE TOZAN',NULL,8),(186,'OLEO FREIO DOT4 VARGA',NULL,14),(187,'OLEO MOTOR 40 LUBRIOIL',NULL,8),(188,'OLEO MOTOR 20W50 ACDELCO',NULL,15),(189,'OLEO CASTROL 10W40 SINTETICO',NULL,28),(190,'OLEO MOTOR 5W30 SL MOTORCRAFT',NULL,25),(191,'OLEO MOTOR 5W30 SL ACDELCO',NULL,24),(192,'LIMPA CARTER RADNAQ',NULL,12),(193,'RESERVATORIO AGUA RADIADOR VW /2001',NULL,20),(194,'TAMPA DISTRIBUIDOR 413 MARFLEX',NULL,8),(195,'TAMPA DISTRIBUIDOR 027 MARFLEX',NULL,9),(196,'TAMPA DISTRIBUIDOR 259 OLIMPIC',NULL,22),(197,'TAMPA DISTRIBUIDOR 056 MARFLEX','20056',10),(198,'TAMPA DISTRIBUIDOR 370 OLIMPIC',NULL,10),(199,'TAMPA DISTRIBUIDOR 442 MARFLEX','T117443 MARFLE',15),(200,'TAMPA DISTRIBUIDOR CHEVETTE DELCO MARFLEX',NULL,30),(201,'TAMPA DISTRIBUIDOR 196 MZ/KDT MARFLEX','20196 OLIMPIC',14),(202,'TAMPA DISTRIBUIDOR 678 FIAT/CVT MARFLEX',NULL,12),(203,'TAMPA DISTRIBUIDOR OPALA 4CC MARFLEX',NULL,10),(204,'TAMPA DISTRIBUIDOR OPALA 6CC OLIMPIC',NULL,16),(205,'TAMPA DISTRIBUIDOR OPALA 6CC IGN.ELET.OLIMPIC',NULL,22),(206,'TAMPA DISTRIBUIDOR 008 CORCEL I BOSCH',NULL,22),(207,'INDUZIDO 321 INDUTEC',NULL,70),(208,'BOMBA COMBUSTIVEL INJEÇÃO DPL 471',NULL,85),(209,'KIT ROLAMENTO DIANT.ESCORT GIRO','WF220 GIRO',55),(210,'JUNTA CABEÇOTE VW AP BRANIL',NULL,13),(211,'JUNTA CABEÇOTE CORSA BRANIL',NULL,13),(212,'JUNTA CABEÇOTE CHEVETTE BRANIL','BN080BAP',14),(213,'JUNTA CABEÇOTE MONZA BRANIL',NULL,15),(214,'JUNTA CABEÇOTE CHT BRANIL',NULL,13),(215,'JUNTA CABEÇOTE PALIO BRANIL',NULL,13),(216,'JUNTA CABEÇOTE FIAT BRANIL','BN090BAP',15),(217,'JUNTA CABEÇOTE VW SABÓ',NULL,20),(218,'JOGO JUNTA CARBURADOR BROSOL BRANIL',NULL,3),(219,'JOGO JUNTA CARBURADOR WEBER BRANIL',NULL,4),(220,'JOGO JUNTA CARBURADOR TLDZ BRANIL',NULL,6),(221,'JOGO JUNTA CARBURADOR FUSCA BRANIL',NULL,3),(222,'JUNTA TAMPA VALVULAS VW AP SABO','46726EF SABO',4),(223,'JUNTA TAMPA VALVULAS VW AR BRANIL',NULL,2),(224,'JUNTA TAMPA VALVULAS FORD CHT BRANIL',NULL,3),(225,'JUNTA TAMPA VALVULAS OPALA 4CC BRANIL',NULL,4),(226,'JUNTA TAMPA VALVULAS CHEVETTE BRANIL',NULL,3),(227,'JUNTA TAMPA VALVULAS OPALA 6CC',NULL,6),(228,'JUNTA TAMPA VALVULAS FIAT BRANIL',NULL,3),(229,'JUNTA TAMPA VALVULAS GOL MI 8V BRANIL',NULL,18),(230,'JUNTA TAMPA VALVULAS GOL MI 16V BRANIL',NULL,18),(231,'PONTA HOMOCINETICA VW AP STOCK','JHS204002',90),(232,'AMORTECEDOR DIANTEIRO GOL COFAP','32208 COFAP',220),(233,'PASTILHAS FREIO PD54 LONAFLEX','P54',26),(234,'KIT ROLAMENTO TRASEIRO VW/GM/FORD SKF',NULL,35),(235,'CILINDRO RODA OPALA FREINER',NULL,30),(236,'JOGO LONAS OPALA VARGA FRASLE',NULL,13),(237,'PASTILHAS FREIO OPALA ATE HIPPER','PD11',16),(238,'AUTOMATICO M/PARTIDA ZM571 VW/FORD/GM/FIAT',NULL,68),(239,'CORREIA GERADOR/ALT. FUSCA CONTITECH',NULL,7),(240,'CORREIA ALTERNADOR VW AP',NULL,8),(241,'CORREIA ALTERNADOR CORSA CONTITECH',NULL,10),(242,'CORREIA ALTERNADOR OPALA CONTITECH',NULL,10),(243,'CORREIA ALTERNADOR MONZA CONTITECH',NULL,10),(244,'CORREIA ALTERNADOR FIAT CONTITECH',NULL,10),(245,'CORREIA ALTERNADOR FORD CONTITECH',NULL,10),(246,'CORREIA ALTERNADOR VW/FORD CONTITECH',NULL,12),(247,'CORREIA ALTERNADOR GM/FORD CONTITECH',NULL,13),(248,'CORREIA ALTERNADOR VW/FIAT CONTITECH',NULL,11),(249,'CORREIA ALTERNADOR GOODYEAR',NULL,15),(250,'CORREIA ALTERNADOR FIAT/FORD/GM/FORD GATES',NULL,18),(251,'CORREIA ALTERNADOR 5PK1250 CONTITECH',NULL,17),(252,'TUBO DAGUA FIAT FI123 VALCLEI',NULL,14),(253,'TUBO DAGUA FIAT 1.0/1.5 VC206 VALCLEI',NULL,12),(254,'TUBO DAGUA VW AP VALCLEI',NULL,12),(255,'TUBO DAGUA VW AP INJEÇÃO VALCLEI',NULL,25),(256,'TUBO DAGUA PALIO VALCLEI',NULL,26),(257,'KIT TRAMBULADOR VW AP 5M DHF',NULL,8),(258,'TUBO DAGUA PALIO 1.6 16V VALCLEI',NULL,30),(259,'KIT EMBREAGEM 1.6/1.8 VW AP LUK ','621300300LUK',226),(260,'PASTILHAS FREIO KOMBI HIPPER','PD13',16),(261,'CAIXA VOLTAGEM GM DELCO GAUSS GA201',NULL,16),(262,'FILTRO AR VW FOX 1.0 GOL NOVO ARL6096',NULL,15),(263,'RETENTOR POLIA CORSA SABO 2525','2525 SABÓ',17),(264,'JUNTA CARTER CORSA C/LIMITADOR SPAAL',NULL,15),(265,'PIVO MONZA DFB',NULL,30),(266,'COXIM AMORTECEDOR MONZA MB',NULL,18),(267,'ROLAMENTO AMORTECEDOR MONZA LF',NULL,12),(268,'BUCHA BALANÇA MONZA MB',NULL,5),(269,'BUCHA BARRA DIREÇÃO MONZA MB',NULL,3),(270,'CABO CAPO MONZA IKS',NULL,15),(271,'TAMBOR DIANTEIRO FUSCA HIPPER',NULL,50),(272,'TAMBOR TRASEIRO FUSCA HF04 HIPPER',NULL,50),(273,'FLEXIVEL DIANTEIRO VW AR ',NULL,10),(274,'CILINDRO RODA TRASEIRO FUSCA FREINNER',NULL,26),(275,'JOGO LONAS FUSCA VW262 FRASLE',NULL,10),(276,'CANO FREIO RODA VW',NULL,5),(277,'CABO VELOCIMETRO FUSCA IKS 1401',NULL,8),(278,'JOGO VELAS GOL TURBO NGK PFR7N-E','PFR7NE NGK',260),(279,'JOGO CABOS VELAS GOL TURBO F00099C090',NULL,150),(280,'BOMBA DAGUA CHEVETTE UB132 MAXI',NULL,90),(281,'TENSOR CORREIA DENTADA CHEVETTE DEFABRI',NULL,40),(282,'TROCADOR LUZ FAROL OPALA',NULL,38),(283,'ABRAÇADEIRA PEQUENA SUPRENS',NULL,1),(284,'ROLAMENTO DIANTEIRO CORCEL/PAMPA DS1',NULL,16),(285,'ROLAMENTO DIANTEIRO ESCORT DSI',NULL,16),(286,'ROLAMENTO DIANTEIRO GOL /94 GIRO',NULL,30),(287,'ROLAMENTO DIANTEIRO VW/GM GIRO',NULL,35),(288,'JUNTA CABEÇOTE GOLF/FOX 1.6 DANA',NULL,30),(289,'BOMBA DAGUA ESCORT CHT /GOL CHT UNIBOMBAS',NULL,65),(290,'COLAR EMBREAGEM CORCEL NWO RDC1006',NULL,36),(291,'FILTRO AR VW AP REDONDO TEC FIL',NULL,12),(292,'COXIM FRONTAL MOTOR VW AP 33014 MB',NULL,3),(293,'BUCHA AGREGADO TRASEIRA GOL AXIOS',NULL,13),(294,'BUCHA AGREGADO DIANT. GOL 89/94 AXIOS',NULL,38),(295,'CEBOLINHA OLEO VW AP 3RHO',NULL,10),(296,'RETENTOR COMANDO VW AP SABÓ 1942','1942 SABO',9),(297,'CANO DAGUA VW AP VALCLEI',NULL,10),(298,'RETENTOR RD DIANT.ESCORT ORION INT.',NULL,7),(299,'RETENTOR RD DIANT. EXT ORION',NULL,7),(300,'BUCHA TIRANTE ESCORT /92 MD 21005',NULL,2),(301,'COXIM AMORT DIANT C/ROL. ESCORT/92',NULL,10),(302,'BUCHA BALANÇA SUP. S.10',NULL,19),(303,'PIVO SUPERIOR S.10 TRW',NULL,46),(304,'PIVO INFERIOR S.10 TRW',NULL,36),(305,'BRAÇO AUXILIAR S.10 TRW',NULL,120),(306,'BATENTE SUSPENSÃO DT COFAP',NULL,15),(307,'JOGO JUNTA MOTOR PALIO 1.0 BRANIL',NULL,40),(308,'EXTINTOR INCENDIO',NULL,20),(309,'ROLAMENTO DIANTEIRO UNO/PALIO INA','F459511',68),(310,'AMORTECEDOR DIANT. ESCORT 93/ COFAP',NULL,258),(311,'COLAR EMBREAGEM CORSA NWO',NULL,40),(312,'COLAR EMBREAGEM VW AR/AP 73/ NWO',NULL,35),(313,'COLAR EMBREAGEM VW CARVÃO /73 NWO',NULL,35),(314,'COLAR EMBREAGEM OPALA NWO',NULL,40),(315,'COLAR EMBREAGEM CHEVETTE NWO','RDC1012',48),(316,'COLAR EMBREAGEM MONZA NWO',NULL,45),(317,'COLAR EMBREAGEM FIAT NWO',NULL,40),(318,'COLAR EMBREAGEM ESCORT CHT NWO',NULL,40),(319,'BOMBA DAGUA FORD/VW CHT UB944 UNIBOMBAS',NULL,65),(320,'DISCO FREIO PALIO VENTILADO HIPPER','HF38 HIPPER',75),(321,'PASTILHAS FREIO PALIO VENT. PD60 FRASLE','PD60FRASLE',48),(322,'CRUZETA KOMBI/GM SPICER',NULL,30),(323,'AMORTECEDOR DIANTEIRO UNO COMPLETO COFAP',NULL,280),(324,'CILINDRO RODA FIAT ATE',NULL,18),(325,'CILINDRO RODA TEMPRA/FIORINO FREINNER',NULL,30),(326,'AMORTECEDOR DIANT. MONZA CORVEN/COFAP SPA','22310 CORVEN',220),(327,'PONTA HOMOCINETICA MONZA STOCK','JHS203001',110),(328,'COXIM AMORT. DIANT. MONZA BORFLEX','BFX 366',18),(329,'COIFA AMORT. DIANT. MONZA MB','90125125',4),(330,'BATENTE AMORT. DIANT. MONZA 91/ MB','12061 MB',6),(331,'ROLAMENTO AMORT. DIANT. MONZA ZUFER','MG30',12),(332,'CAIXA DIREÇÃO FIAT UNO TRW',NULL,220),(333,'PASTILHAS FREIO GOL PD43 HIPPER',NULL,16),(334,'KIT ROLAMENTO CORCEL SKF','PFC008A',75),(335,'CUBO DIANTEIRO CORCEL/PAMPA VOBER',NULL,48),(336,'PASTILHAS FREIO CORCEL/FIAT HIPPER','PD18',12),(337,'FLEXIVEL DIANTEIRO CORCEL/PAMPA NORFLEX',NULL,10),(338,'PIVO SUPERIOR DO CORCEL/DEL REY DFB',NULL,30),(339,'PIVO INFERIOR CORCEL/DEL REY DFB',NULL,30),(340,'JUNTA CARTER GM 1.8/2.0/2.2 C/DEFLETOR SABÓ','75946',54),(341,'CILINDRO RODA TRASEIRA GOL ATE/VARGA','RCCR00384',13),(342,'INTERRUPTOR CX.DIR.HID. ECO/FIESTA FORD','96FP/3N824/BA/',115),(343,'OLEO DIR.HID.TUTELA IL',NULL,16),(344,'BATERIA HELIAR 60 AMP.','HL60DD',290),(345,'CORREIA ALTERNADOR MONZA/S10 GOODYEAR','5PK1250',17),(346,'PASTILHAS FREIO CORCEL/FIAT HIPPER PD10','PD10',12),(347,'PASTILHAS FREIO FUSCA/BSB HIPPER P5','PD5',10),(348,'PASTILHAS FREIO VW GOL/PASSAT /94 SYL','PD17',10),(349,'PASTILHAS FREIO GOL 94/95 SYL','PD43',16),(350,'PASTILHAS FREIO MONZA/PAMPA BENDIX','PD22',15),(351,'PASTILHAS FREIO OPALA VARGA HIPPER','PD8',18),(352,'PASTILHAS FREIO GOLF 99/ HIPPER ','PD58',60),(353,'PASTILHAS FREIO GOLF TRASEIRA HIPPER','PD362',48),(354,'DISCO FREIO GOLF DT VENT. HIPPER','HF81',88),(355,'JOGO CABOS VELAS GOL BX/VT MARFLEX','1601C',15),(356,'PASTILHAS FREIO UNO/PALIO HIPPER','PD25',22),(357,'PASTILHAS FREIO ESCORT HIPPER','PD24',20),(358,'PASTILHAS FREIO VW AP GOL/SANTANA 1.8 ','PD23',22),(359,'PASTILHAS FREIO PD23 VW AP','PD23FRASLE',34),(360,'PASTILHAS FREIO PD51 VW AP FRASLE','PD51FRASLE',48),(361,'PASTILHAS FREIO PD51 VW AP HIPPER','PD51',30),(362,'PASTILHAS FREIO CORSA/CELTA ATE HIPPER','PD42',26),(363,'PASTILHAS FREIO GOL/CORSA VARGA SYL','PD54',26),(364,'PASTILHAS FREIO SANTANA VENT.90/94 HIPPER','PD28',22),(365,'KIT TBI MONZA/S10 SCHUCK','SK501SF',9),(366,'PASTILHAS FREIO S10/BLAZER 4X2 DELCO','PD107',65),(367,'PASTILHAS FREIO D10/D20/F1OOO /94 SYL','PD19',24),(368,'PIVO SUPERIOR CORCEL/PAMPA PERFECT','PVS1020',28),(369,'PASTILHAS FREIO GOLF/POLO /99','PD329',65),(370,'PASTILHAS FREIO D20/FIOOO 94/ COBREQ ','N330',70),(371,'PASTILHAS FREIO D20/F1000 94/ HIPPER','PD106',40),(372,'PASTILHAS FREIO S10/BLAZER 4X4 HIPPER','PD110',60),(373,'PASTILHAS FREIO FORD KA/FIESTA PD65 HIPPER','PD65',37),(374,'PASTILHAS FREIO FORD KA/FIESTA PD65 FRASLE','PD65 FRASLE',52),(375,'PASTILHAS FREIO SANTANA 94/ VARGA ORIGINAL','3256981515',58),(376,'PASTILHAS FREIO SANTANA 94/ VARGA HIPPER','PD45',45),(377,'PASTILHAS FREIO SANTANA 94/ ATE HIPPER','PD44',36),(378,'PASTILHAS FREIO FORD KA/FIESTA PD55 HIPPER','PD55',30),(379,'PASTILHAS FREIO PALIO/DOBLO PD68 BENDIX','PD68',45),(380,'PASTILHAS FREIO PALIO PD60 VENT.HIPPER','PD60',30),(381,'CABO DE EMBREAGEN KADETT EFRARI ',NULL,18),(382,'JOGO CABOS VELAS OMEGA 2.0 NGK','SCG67',82),(383,'COXIM AMORTECEDOR DIANT.GOL QUADRADO BORFLEX','BFX507R',10),(384,'CABO FREIO MÃO MONZA LD /92 FANIA','30172',39),(385,'CABO FREIO MÃO MONZA LE /91 FANIA','30140',18),(386,'TAMPA RESERV. RADIADOR VW MF30 FLORIO','MF30',7),(387,'ROLAMENTO COLUNA DIR.CVT W.ZANONI','5129 WZANONI',24),(388,'VARETA OLEO GOL MI AT 1.0 8/16 LF','VW1210',12),(389,'PEDAL ACELERADOR OPALA LF','1004 LF',10),(390,'VALVULA BOIA CARB.BROSOL 11118 DS','DS1061',7),(391,'TRIANGULO SEGURANÇA LF','485LF',10),(392,'VARETA OLEO CHEVETTE LF','GM3200',7),(393,'VARETA OLEO OPALA LF','GM3202',8),(394,'KIT TRAMBULADOR VW AP 4M LF','LF1131',6),(395,'KIT TRAMBULADOR VW AP 5M LF','LF1132',6),(396,'KIT TRAMBULADOR VW AP 5M COMP. LF','LF1398A',7),(397,'MANIVELA VIDRO VW UNIVERSAL','20633 UNIV',3),(398,'KIT VEDADOR TAMPA VALVULA CVT LF','1042LF',3),(399,'ALAVANCA DO GARFO EMB.GOL/SANTANA WZ','5281 WZANONI',15),(400,'RESPIRO OLEO KOMBI 1600 /94','LF1525',30),(401,'RESPIRO OLEO FUSCA/KOMBI ANT. LF','LF208',18),(402,'KIT ALAVANCA CAMBIO KOMBI LF','LF3401',15),(403,'CHAPA AR QUENTE VW AR LF','258LF',3),(404,'KIT FREIO TRAS.CHEVETTE BENDIX LF','1451LF',8),(405,'CENTRALIZADOR PATIM MONZA LF','1482LF',3),(406,'CENTRALIZADOR PATIM VW AP LF','1485LF',3),(407,'KIT FREIO TRAS.CORCEL II BENDIX LF','1468LF',8),(408,'MOLA ACELERADOR OPALA ESQ. LF','1503LF',4),(409,'KIT PASTILHAS FREIO CORCEL II CRUZ LF','1476LF',6),(410,'PRESSILHA BANCO VW GOL/ST/VY LF','523LF',1),(411,'KIT CAIXA DIREÇÃO FIAT LF','LF983A',5),(412,'TRAMBULADOR CAMBIO FUSCA LF','LF806',15),(413,'ACOPLAMENTO HASTE LIG.CAMBIO VW AP WZ','5224WZ',15),(414,'PARAFUSO MOTOR VW AR GD LF','691LF',5),(415,'JUNTA ESCAPE FORD/VW 1.8/2.0','1375LF',5),(416,'JUNTA ESCAPE VW 1.8/2.0 95/','1406LF',5),(417,'CONECTOR COLETOR ADMISSÃO VW AP LF','1710LF',10),(418,'PORCA RODA CORCEL/PAMPA LF','616LF',3),(419,'PARAFUSO CARDAN OPALA','674LF',2),(420,'ALAVANCA CAMBIO KOMBI 1600 LF','LF277',18),(421,'ALAVANCA CAMBIO KOMBI CLIPPER MORD.LF','LF277A',18),(422,'ALAVANCA CAMBIO FUSCA LF','LF274',10),(423,'ALAVANCA CAMBIO SANT./GOL 5M LF','LF281',15),(424,'TERMINAL DIREÇÃO OPALA  PERFECT','TDI1008',30),(425,'KIT PINÇA FREIO CORCEL M/LUA LF','1474LF',15),(426,'PORCA SEMI EIXO TRAS. KOMBI LF','602LF',8),(427,'PORCA SEMI EIXO TRAS. FUSCA/BSB/VT LF','601LF',7),(428,'BUZINA CARACOL INDIVIDUAL DPL',NULL,20),(429,'TUBO DAGUA OPALA MANG.INF.LF','1724LF',7),(430,'PARAFUSO M/PARTIDA VW AR PEQ. LF','692LF',4),(431,'PARAFUSO T8 LF','671LF',2),(432,'PORCA HOMOCINETICA ESCORT LF','1086LF',6),(433,'PORCA HOMOCINETICA VW AP LF','607LF',4),(434,'PORCA HOMOCINETICA CORCEL','1087LF',5),(435,'BUJÃO CARTER FIAT LF','982LF',4),(436,'ALAVANCA CABO EMBREAGEM KOMBI LF','822LF',6),(437,'JOGO SAPATA FREIO PALIO MAXI','MSF10002',45),(438,'HOMOCINÉTICA COMPLETA GOL MI 98/ LD DFB','130118DFB',190),(439,'PEDAL ACELERADOR FUSCA/BSB LF','264LF',4),(440,'PEDAL ACELERADOR KOMBI LF','265LF',4),(441,'RESERVATORIO OLEO FREIO VW AP LF','378LF',10),(442,'RESERVATORIO OLEO FREIO FUSCA LF','374LF',6),(443,'RESERVATORIO OLEO FREIO BSB/FUSCA DUPLO LF','377LF',12),(444,'RETENTOR COMANDO GM 8V TODOS SABÓ','2178SABO',10),(445,'JOGO TUCHOS MOTOR GM DELPHI',NULL,98),(446,'KIT COMANDO CORSA 1.O MPFI CGD',NULL,270),(447,'TUBO DAGUA GOL MI 1.O AT DOFAB','ST91518',13),(448,'ACOPLAMENTO CAMBIO PALIO BAIXO LF','3678LF',20),(449,'ACOPLAMENTO CAMBIO PALIO ALTO LF','3676LF',20),(450,'CALOTA CUBO TRASEIRO GOL/SANT/VOY/PASSAT LF','392LF',3),(451,'TAMPA RADIADOR VW AP FERRO FLORIO','MF11',7),(452,'TRAMBULADOR CAMBIO FUSCA/BSB LF','17LF',10),(453,'CUPULA ALAVANCA CAMBIO KOMBI LF','289LF',9),(454,'CALOTA RODA DIANT. KOMBI C/FURO LF','389LF',5),(455,'TRAVA CABO EMBREAGEM OPALA LF',' 308LF',2),(456,'ROLAMENTO DIANTEIRO VW/GM 11949 DSI','11949DSI',10),(457,'ROLAMENTO DIANTEIRO KOMBI/OPALA 67048 DSI','67048DSI',16),(458,'MANGUEIRA HIDROVACUO GATES',NULL,10),(459,'AMORTECEDOR DIANT. OPALA COFAP','SB27019',130),(460,'MANGUEIRA LONADA 8MM CLAD',NULL,4),(461,'MANGUEIRA LONADA 6MM CLAD','6MM CLAD',3),(462,'MANGUEIRA LONADA 4MM CLAD',NULL,3),(463,'MANGUEIRA INJEÇÃO 8MM GATES',NULL,10),(464,'MANGUEIRA LONADA 10MM CLAD',NULL,5),(465,'MANGUEIRA LONADA 12MM CLAD',NULL,6),(466,'JUNTA CARTER GOL MI 1.0/1.6 AT SABO','75922SABO',22),(467,'BOBINA IGNIÇÃO VW MI AP DELPHI',NULL,110),(468,'CHAVE VELAS UNIVERSAL CESCAR','CHV2113',7),(469,'BOMBA DAGUA FIAT 1./1.5 UNIBOMBAS','BD9015',55),(470,'SENSOR NIVEL FIAT STRADA FLEX 03/2007... TSA','TSA010128',65),(471,'ROLAMENTO COLUNA AMORT.VECTRA /96 GM','90425479',30),(472,'KIT TAMPA VALVULAS VW AP LF','947LF',3),(473,'REPARO TRAMBULADOR ESCORT 86/ LF','LF1138',10),(474,'KIT BUCHA CAIXA DIREÇÃO MONZA LF',NULL,8),(475,'PISTÃO INJETOR  CARBURADOR CVT WEBER LF','937LF',6),(476,'PISTÃO INJETOR CARB. OPALA WEBER LF','936LF',6),(477,'PISTÃO INJETOR CARB.CORCEL WEBER LF','935LF',6),(478,'COLAR EMBREAGEM GOL MI 1.0/LOGUS INA','F218230',45),(479,'CAIXA ROTULA VW AP','LF2582',13),(480,'TERMINAL DIREÇÃO GOL DH GRN','TD0051/N138',24),(481,'COIFA SEMI EIXO KOMBI SABO','78554SABO',14),(482,'KIT SINCRONIZADOR VW AP 1/2/3/4','40361/S ',10),(483,'ANEL SINCRONIZADO VW AP 2/3/4 VW','0133112951',25),(484,'SELO CAMBIO VW AP VW','0143014672',15),(485,'JOGO JUNTA CAMBIO VW AP BRANIL',NULL,5),(486,'RET. TRAMBULADOR VW AP ORION','1929 ORION',7),(487,'BRONZINA BIELA FORD BB223 METAL','BB223',35),(488,'BRONZINA MANCAL FOR BC405 METAL','BC405',56),(489,'JOGO ANEIS FORD /86 COFAP','SNA2506 ',76),(490,'BOMBA OLEO FORD MAXX','BO0210',110),(491,'JOGO MEIA LUA FORD AE060 ML','AE060',17),(492,'JOGO JUNTA MOTOR FORD CHT',NULL,40),(493,'BRONZINA BIELA OPALA 4CC METAL','BB184',28),(494,'BRONZINA MANCAL OPALA 4CC METAL','BC182',58),(495,'JOGO CABOS VELAS ASTRA/VECTRA SCG76 NGK','SCG76',78),(496,'CORREIA ALTERN. ASTRA VECTRA 6PK1900 CONTITEC','6PK1900',30),(497,'FILTRO AR ASTRA 98/ ARL8840 GM','ARL8840',30),(498,'JUNTA TAMPA VALVULAS GM 1.8/2.0/2.2 97/ BRANI',NULL,15),(499,'CORREIA DENTADA GM 96/ 1.8/2.0 CONTITECH','CT866',48),(500,'BOMBA DAGUA CORCEL/PAMPA UB942 MAXI','MBA2068',68),(501,'HELICE CORCEL 4 FUROS MODEFER','193221',13),(502,'BORRACHA CILINDRO MESTRE FUSCA LF','LF352',3),(503,'JUNTA TUBO ADMISSÃO VW AR LF','13A LF',1),(504,'KIT PEDAL ACELERADOR FUSCA','018LF',3),(505,'SARGENTO CABOS VELAS CVT/MONZA LF','198A LF',4),(506,'BUCHA VARÃO CAMBIO KOMBI LF','312A LF',3),(507,'BUCHA VARÃO CAMBIO FUSCA/BSB LF','311LF',3),(508,'BUCHA CACHIMBO ALAV.CAMBIO KB LF',NULL,3),(509,'TRAVA PASTILHAS MONZA/TIPO LF','401LF',3),(510,'REPARO TRAMBULADOR CORCEL II /81 LF','90A LF',8),(511,'PRENDEDOR CABO EMB. KOMBI LF','361LF',4),(512,'JOGO JUNTA CAMBIO FUSCA BRANIL','BVW002E',5),(513,'KIT TRAVA CABO EMB.OPALA LF','LF1050',3),(514,'KIT TAMPA VALVULAS FORD/CHT LF','82LF',3),(515,'KIT TAMPA SELETORA KOMBI LF','15149K',12),(516,'KIT FEIXE MOLAS UNO LF','6582LF',12),(517,'CAPA TUCHO VW AR TODOS LF','311109335',2.5),(518,'CANO FREIO VW ','943LF ',6),(519,'CANO FREIO MESTRE FUSCA LF','940LF ',10),(520,'RESPIRO OLEO KOMBI 98/ PLASTICO LF','3890LF',16),(521,'TAMPA RESERVATORIO FORD/PAMPA DOFAB','1502 DOFAB',10),(522,'KIT ALAVANCA CAMBIO CORSA LF','3039LF',7),(523,'PINHÃO VELOCIMETRO CORSA LF','3886LF',7),(524,'PINHÃ0 VELOCIMETRO FIAT LF','3884LF',6),(525,'TAMPÃO RESPIRO CATALIZADOR VW','3691LF',5),(526,'COTOVELO BOMBA DAGUA OPALA LF','2821LF',5),(527,'RETENTOR COMANDO VW AR SABÓ','10409MR',6),(528,'PRESSILHA CAPO GOL','2007LF',1),(529,'CEBOLINHA OLEO VW MI OLIMPIC','13013',10),(530,'CEBOLÃO RADIADOR UNO/PALIO S/AR MTE','72692/87',30),(531,'PORTA ESCOVAS M/PARTIDA C/ESCOVAS SCHUNK','2770710',10),(532,'IMPULSOR PARTIDA LUCAS CLIO/CORSA ZEN','NNZ945',70),(533,'MODULO IGNIÇÃO VW/GOLF 7 TERM. GAUSS','GA2142',75),(534,'JOGO CABOS VELAS VW AP 86/94 MARFLEX','MF402B',35),(535,'MANGUEIRA ALUMINIO VW AP','326LF',16),(536,'JUNTA CARTER FIAT 1050/1300 /88 PALIO SABÓ','51016EF',6),(537,'TAMPA RESERVATÓRIO GM FLORIO','MF32',8),(538,'BOMBA COMBUSTIVEL  VW AR KOBLA','71413 ATEL',40),(539,'JOGO CABOS VELAS FORD STF23 MARFLEX','423B MARFLEX',38),(540,'TENSOR GUIA GOL MI 1.0 16V DEFABRI','DF9927',45),(541,'CONECTOR FILTRO INJEÇÃO CLICK','QC001 CLICK',5),(542,'JUNTA CARTER TIPO 1.6 BRANIL','BFI1708',6),(543,'RETENTOR VOLANTE FIAT 2004 ORION','2004 ORION',15),(544,'KIT ALAVANCA CAMBIO ESCORT 1.8 LF','1585LF',24),(545,'KIT ALAVANCA CAMBIO ESCORT 1.8 C/HASTE LF','1586LF',28),(546,'TUBO DAGUA UNO/TIPO 1.6 S/AR GRAZIMETAL','FI123 GRAZIMET',25),(547,'DISCO FREIO TIPO 1.6/2.0 MAREA 2.0 HIPPER','HF33 HIPPER',75),(548,'COXIM AMORT.DIANT.TIPO LE SAMPEL','1205 SAMPEL',75),(549,'PASTILHAS FREIO TRAS. OPALA SYL','SYL1102',38),(550,'BOMBA DAGUA GM 97/ 1.8/2.0/2.2 MAXI','MBA2078',90),(551,'JUNTA CARTER ASTRA VECTRA 98/ BRANIL','BCHV008',15),(552,'KIT JUNTA CABEÇOTE VW AP 1./1.8 BRANIL',NULL,40),(553,'TRAVESSA CAMBIO VW AR LF','303LF',16),(554,'CENTRALIZADOR PATIM OPALA LF','1480LF',3),(555,'CENTRALIZADOR PATIM KOMBI LF','1584LF',3),(556,'MOLA ACELERADOR OPALA LF','1501LF',4),(557,'KIT CAIXA DIREÇÃO GOL/VOY/PST/SANT. LF','LF992C',7),(558,'PRESSILHA BANCO VW LF','523A LF',1),(559,'CENTRALIZADOR PATIM CHEVETTE LF','1481LF',3),(560,'BUCHA TRAMBULADOR MONZA LF','2998LF',7),(561,'KIT GARFO EMBREAGEM VW AR','1016F',7),(562,'ACOPLAMENTO ALAV.CAMBIO PALIO 6M LF','LF3676A',30),(563,'COTOVELO BOMBA DAGUA CHEVETTE LF','2822LF',7),(564,'TAMPÃO BOMBA DAGUA CVT/OPALA LF','2822A LF',3),(565,'KIT TRAMBULADOR CORCEL II/PAMPA 5M LF','LFOO91A LF',14),(566,'CONEXÃO BOMBA DAGUA MONZA LF','1730LF',4),(567,'MANGUEIRA AGUA RAD.VW AP','33044 JM',7),(568,'PASTILHAS HONDA FIT SYL','SYL1254',98),(569,'FLEXIVEL DIANTEIRO FUSCA/KOMBI NORFLEX','7019NORFLEX',8),(570,'CONTRA PINO PEQUENO LF',NULL,0.5),(571,'ANTI CHAMA GOL POWER 1.0',NULL,30),(572,'PARAFUSO/PORCA AGREGADO VW AP 10MM LF','2718LF',7),(573,'KIT ALAVANCA MARCHA CVT 5M LF','300A LF',6),(574,'FLEXIVEL DIANT.ASTRA NORFLEX','4082 NORFLEX',15),(575,'BOIA CARBURADOR VW BROSOL','3582 FRAG',10),(576,'REPARO JUNTA ELÁSTICA OPALA LF','2870 LF',20),(577,'JUNÇÃO COMP.DIREÇÃO OPALA LF','2871A LF',48),(578,'KIT PASTILHA FREIO F1000 LF','3118 LF',18),(579,'KIT PASTILHA FREIO D10/D20 LF','3100 LF',18),(580,'PARAFUSO AGREGADO VW 10MM LF','2718A LF',4),(581,'JUNÇÃO TRAMBULADOR MONZA/KDT LF','1826 LF',18),(582,'SELETOR ALAVANCA CAMBIO MONZA/KDT LF','1828 LF',15),(583,'TENSOR CORREIA CORSA GM','93310600',40),(584,'CILINDRO MESTRE VW DUPLO VARGA','RCCD24061',65),(585,'ROLAMENTO DIANT.CLIO',NULL,55),(586,'MANGUEIRA SUPERIOR MONZA 87/','7055 JAMAICA',9),(587,'BOIA CARBURADOR WEBER SIMPES 228 FRAG','228FRAG',10),(588,'TAMPA DISTRIBUIDOR MONZA/KDT EFI MARFLEX','T516548',28),(589,'TAMPA DISTRIBUIDOR VW/FORD 442 BOSCH','9232081442',36),(590,'TAMPA DISTRIBUIDOR VW/FIAT/GM/FORD 056 BOSCH','9231086056',22),(591,'REGULADOR FREIO KOMBI LF',NULL,4),(592,'REGULADOR FREIO FUSCA/BSB/VT LF',NULL,5),(593,'RETENTOR EIXO PILOTO CVT/OPALA','1833 ORON',7),(594,'JOGO JUNTA CAMBIO OPALA 5M SABÓ','10680F SABO',5),(595,'JUNTA DIFERENCIAL OPALA',NULL,4),(596,'MODULO HEI MONZA/KDT THOMSON','GA2379',70),(597,'BOBINA IMPULSORA MONZA/KDT EFI AJE','087083 AJE',36),(598,'CARCAÇA VALVULA TERMOSTATICA GOL MI 1.O DOFAB','1522DOFAB',33),(599,'TAMPA VALVULA TERMOST.GOL MI 1.0','ST91514',10),(600,'ANEL VEDAÇÃO MI LF',NULL,1),(601,'VALVULA EQUALIZADORA 5735 ATE','5735ATE',35),(602,'TENSOR CORREIA ALTERNADOR VW 9908','9908 DEFABRI',28),(603,'CUBO DIANTEIRO VW AP VOBER','28402 VOBER',24),(604,'PIVO SUSPENSÃO GOLF/POLO CLASSIC PERFECT','PVI1019 ',45),(605,'BALANÇA POLO CLASSIC','T469 TREMAG',72),(606,'COIFA HOMOCINETICA VW 93/ SABÓ',NULL,10),(607,'TERMINAL DIREÇÃO GOLF/POLO DRIVEWAY','PD3288',50),(608,'BIELETA POLO CLASSIC VIC','VIC10104 ',12),(609,'BARRA AXIAL POLO CLASSIC VIEMAR','680033 VIEMAR',44),(610,'COIFA CAIXA DIREÇÃO POLO CLASSIC KIT CIA',NULL,30),(611,'DISCO FREIO SANTANA 94/ GOLF/POLO CLASSIC HF0','HF02B HIPPER',78),(612,'PASTILHAS FREIO POLO/GOLF PD329 HIPPER','HFP5084 ',65),(613,'HIDROVACUO POLO CLASSIC CONTROIL','C56430 CONTROI',188),(614,'ANTI CHAMA POLO CLASSIC AJE',NULL,29),(615,'JUNTA TAMPA VALVULAS VW AP BOR. BRANIL',NULL,30),(616,'CHAVE LUZ CORSA/OMEGA GM','90213283',78),(617,'RELÉ DUPLO FAROL DNI','DNI8135',26),(618,'RELÉ PISCA 3 TERM BAIXO G10','G10109',10),(619,'BALANÇA SUSPENSÃO GOL TREMAG','T455',35),(620,'INTER.FREIO GOL GIII/GOLF 3RHO','367 3RHO',35),(621,'MANGUEIRA SUSPIRO VW AP JAMAICA','3096 JAMAICA',6),(622,'FIO PARALELO SOM G10',NULL,1),(623,'FIO 0.75 G1O MT',NULL,0.5),(624,'JOGO CABOS VELAS CHEVETTE BOSCH','9295080000',45),(625,'INDUZIDO GERADOR VW AR BOSCH','9101082026',135),(626,'BOBINA IGNIÇÃO BOSCH 067','9220081067',110),(627,'CABO FREIO MÃO UNO EFRARI','FNM093A',36),(628,'TAMPA TANQUE FUSCA/BSB 78/ CLICK','TC3090',15),(629,'JUNTA TAMPA VALVULAS CORSA BRANIL','BCHC010',4),(630,'KIT COMANDO VALVULAS CORSA 1.0 EFI CGD',NULL,360),(631,'BOMBA INJEÇÃO DELPHI VW/FORD/GM/FIAT','FE10103 DELPHI',95),(632,'RESERVATÓRIO AGUA RADIADOR VW AP/99 FLORIO','401 FLORIO',20),(633,'JOGO ANEIS VW AP COFAP SNA 6563','SNA6563',95),(634,'JOGO JUNTA MOTOR VW AP BRANIL','30510G/A',40),(635,'FILTRO DE OLEO FIRE','PSL ',12),(636,'CILINDRO MESTRE CHEVETTE BOSCH 87/','CM9656',110),(637,'CABO ACELERADOR CHEVETTE 88/ EFRARI',NULL,15),(638,'ANTI CHAMA GOL MI 1.0 8/16V',NULL,20),(639,'CHAVE RODA CRUZETA',NULL,25),(640,'BATERIA 3 VOLTS','CR2016',3),(641,'JOGO CABOS VELAS GOL BOLA CHT DAYCO','STV11 DYCO',45),(642,'CABO VELOCIMETRO KOMBI IKS','IKS1413',15),(643,'CABO CHUPETA G10','DV1200',35),(644,'KIT JUNTA CABEÇOTE CORSA 1.0 SABO',NULL,50),(645,'CILINDRO IGNIÇÃO OPALA MARZU','A84',34),(646,'CILINDRO MESTRE GOL/PARATI ATE 4 SAIDAS','5849 ATE',55),(647,'PASTILHAS FREIO GOLF/POLO','PD367 HIPPER',60),(648,'BALANÇA LOGUS/ESCORT 93/ COFAP','BJC08077M',75),(649,'BOMBA DAGUA VW AP UB627 URBA','UB627 MAXX',60),(650,'JOGO SAPATAS FREIO ESCORT ZETEC SYL',NULL,54),(651,'FLANGE BOMBA COMB. SANTANA MARWAL VP','VP7026',20),(652,'PASTILHAS FREIO GOL PD51','HFP5004',30),(653,'BOBINA IGNIÇÃO OMEGA 4.1 BOSCH','0221503008',470),(654,'CUBO TRASEIRO FIAT UNO VOBER',NULL,40),(655,'CUBO TRASEIRO UNO VOBER','31040417 VOBER',40),(656,'RETENTOR POLIA FIRE 8V SABÓ','2539 SABÓ',10),(657,'CORREIA ALTERNADOR FIAT FIRE GOOD YEAR','4PK0673',16),(658,'FILTRO AR PALIO METAL','CA 5627',13),(659,'TAMPA OLEO FIAT FIRE 8V FLORIO','MF48 ',10),(660,'RETENTOR VOLANTE FIAT FIRE 8V SABÓ','5245 SABÓ',48),(661,'BOMBA DAGUA FORD C/POLIA UB943','MBA2071',65),(662,'TENSOR CORREIA DENTADA FIAT FIRE ','1200299',48),(663,'BRONZINA BIELA BB494 0.50 VW AP ML','BB390 STD',95),(664,'BRONZINA MANCAL VW AP ML','BC292 ML',65),(665,'JOGO JUNTA MOTOR VW AP 1.6/1.8 SABÓ','46506 SABÓ',114),(666,'JOGO ANÉIS VW AP 1.6/1.8 COFAP','DA6563STD',85),(667,'JOGO PISTAÕ C/ANEL FORD ENDURA 1.0 SULOY',NULL,500),(668,'JOGO JUNTA MOTOR C/RET.FORD ENDURA BRASMECK',NULL,90),(669,'CEBOLÃO RADIADOR UNIVERSAL MTE','405 75 IGUAÇU',20),(670,'ROLAMENTO TENSOR CORSA 1.0/1.6',NULL,40),(671,'FILTRO DE COMBUSTIVEL S 10 2.8 COM DESBORBULH',NULL,35),(672,'BUCHA DO TIRANTE OPALA','1956',5),(673,'CABO DE EMBREAGEM CORCEL 1.8',NULL,18),(674,'INTERRUPTOR FREIO CORSA 3RHO','376GM',15),(675,'AMORTECEDOR DIANTEIRO CORSA/CELTA COFAP','GP30192',290),(676,'SENSOR TEMPERATURA INJEÇÃO GM 4050 MTE','4050 MTE',20),(677,'BRONZINA BIELA CORSA ML','BB271',65),(678,'BRONZINA MANCAL CORSA ML','BC452',120),(679,'COIFA CAMBIO UNO/PALIO SABÓ',NULL,10),(680,'JOGO CABOS VELAS PALIO NGK SCT54','SCT54',50),(681,'TAMBOR FREIO FIAT UNO/PALIO HIPPER','HF36 HIPPER',80),(682,'JUNTA ADMISSÃO FIAT 1.0/1.3/1.5 NAC. SABÓ','51021F1 SABÓ',5),(683,'TENSOR DA CORREIA DO ALTERNADOR CORSA 8V ',NULL,30),(684,'JOGO CABOS DE VELA CORSA MARFLEX',NULL,55),(685,'RETENTOR COMANDO GM 2178 SABÓ','2178 SABÓ',12),(686,'CABO EMBREAGEM CORSA FANIA',NULL,20),(687,'BUCHA BALANÇA SANTANA AÇO MD','35005 MB',5),(688,'KIT ESTABILIZADOR MEIO SANTANA MB','35002 MB',3),(689,'COXIM AMORTECEDOR DIANT. SANTANA MB','35001 MB',12),(690,'BATENTE AMORT. DIANT. VW MD','33005 MB',4),(691,'COIFA AMORTECEDOR VW MB','33003 MB',4),(692,'AMORTECEDOR DIANT.SANTANA COFAP','32016 COFAP',275),(693,'CHAVE SETA PALIO C/LIMPADOR KOSTAL','1450015 KOSTAL',150),(694,'PASTILHAS FREIO ASTRA/ZAFIRA ARO 15 SYL','SNA351',98),(695,'BIELETA SANTANA MB','35040 MB',9),(696,'PIVO SANTANA 88/ DH DFB','JE3316',35),(697,'TERMINAL DIREÇÃO SANTANA DH DHB','PD3208',24),(698,'COIFA CAMBIO UNO 91/ MB',NULL,6),(699,'MOTOR BOMBA VP','VP7019',20),(700,'JOGO PISTÃO C/ANEL CORSA 1.0 ML',NULL,362),(701,'JOGO JUNTA MOTOR CORSA 1.O C/RET.SABÓ','80262 SABÓ',140),(702,'BOMBA OLEO CORSA GM','93293030',158),(703,'FILTRO AR CORSA /2001','LX523',10),(704,'LIXA DAGUA 3M',NULL,1),(705,'LIXA FERRO 3M',NULL,2),(706,'BOBINA IGNIÇÃO GOLF/POLO/AUDI/GOL POWER BOSCH','DPL2001',250),(707,'JOGO PISTÃO C/ANEL GM 2.0 SULOY','PEA1600',380),(708,'BRONZINA BIELA GM 1.8/2.0/2.2 ML','BB365 ',40),(709,'JOGO JUNTA MOTOR MONZA/KDT 2.0 C/R SABÓ','80252 SABÓ',110),(710,'TUBO DAGUA MONZA 3 SAIDAS','1530 DOFAB',13),(711,'ANTENA INTERNA TSR','TSR8000',15),(712,'ROLAMENTO TRASEIRO CLIO ',NULL,32),(713,'ROLAMENTO TRASEIRO CLIO/MEGANE GIRO','40570 GIRO',32),(714,'LANTERNA PLACA CVT/OPALA LS','LS218',6),(715,'PIVO PALIO FIRE 2001/ PERFECT','PVI1032',30),(716,'RESERVATÓRIO AGUA RAD.PALIO 2002/ GONEL','G1307 GONEL',40),(717,'MANGUEIRA FILTRO AR/INJEÇÃO PALIO FIRE 8V ORI','55180198',148),(718,'ROLAMENTO DIANTEIRO GM/VW INA','F45920.2',50),(719,'JOGO ANEIS CHEVETTE /86 DA6404 COFAP','DA6404',90),(720,'BRONZINA BIELA CHEVETTE BB163 ML','BB163 ',27),(721,'JOGO JUNTA MOTOR CHEVETTE BRASMECK','20514 GA',48),(722,'FILTRO AR CHEVETTE INPECA','SAR3590',10),(723,'DISCO FREIO MONZA/CORSA 1.6 HIPPER','HF20',54),(724,'JUNTA HOMOCINETICA MONZA/KADETT MEGA',NULL,70),(725,'REGULADOR DE PRESSÃO CORSA/CELTA VHC DS','1193DS',38),(726,'BOMBA INJEÇÃO DELPHI','FE10103',95),(727,'ROTOR DISTRIBUIDOR VW/FORD 300 BOSCH','1234332300',25),(728,'COIFA SEMIEIXO VW AR','0001KITSBOR',5),(729,'CORREIA ALTERNADOR 6PK1660 DAYCO','6PK1660',32),(730,'KIT EMBREAGEM CORCEL II 1.6 SACHS',NULL,210),(731,'COXIM MOTOR CORCEL II MB','2002MB',10),(732,'PARAFUSO RODA CVT/OPALA LF',NULL,3),(733,'BIELETA CHEVETTE MB','11015 MB',5),(734,'BUCHA ESTABILIZADOR TRASEIRO CVT/OPALA MB','11059 MB',3),(735,'BUCHA BALANÇA OPALA 80/ MB','10018MB',8),(736,'CORREIA ALTERNADOR FIRE DAYCO','5PK1190',25),(737,'TENSOR CORREIA DENTADA FIRE 1.O 16V SKF','VKM12201L',89),(738,'TENSOR CORREIA ALTERNADOR FIRE 16V NYTRON','1143 NYTRON',30),(739,'COIFA CAMBIO PALIO/UNO 96/ SPICER','213659XG',14),(740,'COIFA RODA PALIO/TIPO SABÓ','78565 SABÓ',12),(741,'COIFA CAMBIO CORSA/CELTA SABÓ','78567 SABÓ',10),(742,'KIT AMORTECEDOR TRASEIRO PALIO SAMPEL','SK113S SAMPEL',16),(743,'ROLAMENTO SEMI EIXO UNO/PALIO INA','F1101651 INA',18),(744,'COMANDO VALVULAS CHEVETTE CGD','CGD433NP',160),(745,'BALANCINS VALVULAS CHEVETTE SAMBEL','94651286 SAMBE',75),(746,'MAÇANETA EXTERNA CHEVETTE/MONZA CROMADA LF','WF48015',10),(747,'KIT AMORTECEDOR COMPLETO GOL BOLA AXIOS','440833 AXIOS',48),(748,'ROLAMENTO 6203',NULL,7),(749,'ROLAMENTO 6303',NULL,13),(750,'DISCO DE FREIO UNO/PALIO SOLIDO VARGA','87083090',48),(751,'BRONZINA MANCAL FIAT BB407 ML','BC407 ML',38),(752,'BRONZINA BIELA FIAT BB407 ML','BB407 ML',26),(753,'BOMBA OLEO FIAT BO0105 BROSOL','BO0105 BROSOL',98),(754,'ARRUELA ENCOSTO FIAT AE043','SAE043J ML',15),(755,'JOGO ANEIS FIAT PALIO ML DD6983','SDD6983 ML',140),(756,'ANTI CHAMA PALIO DOFAB','1510 DOFAB',5),(757,'JOGO JUNTA MOTOR PALIO C/RETENTOR BRASMECK',NULL,98),(758,'TENSOR CORREIA DENTADA PALIO 1.0/1.5 /2001 IN','F11318101 INA',34),(759,'CEBOLINHA OLEO UNO/PALIO MARFLEX','7269 MARFLEX',10),(760,'SONDA LAMBDA 4 FIOS BOSCH','LS07 BOSCH',160),(761,'CONEXÃO RADIADOR OPALA 88/92','1726LF',8),(762,'CONEXÃO RADIADOR OPALA BICI GROSSO LF','1725LF',6),(763,'CONEXÃO RADIADOR OPALA BICO FINO LF','1727LF',6),(764,'KIT EMBREAGEM MONTANA 1.8 C/ATUADOR LUK','621242433 LUK',500),(765,'FLANGE COLAR EMBREAGEM VW LF','302 LF',10),(766,'CALOTA CUBO DIANTEIRO C/FURO FUSCA/BSB LF','387LF',5),(767,'KIT TRAMBULADOR CHEVETTE 4M LF','300 LF',6),(768,'BOMBA DAGUA UNO 1.6 C/POLIA UNIBOMBAS','BD 9029 UNIBOM',95),(769,'JUNTA DIVERSAS BRANIL',NULL,1),(770,'JUNTA DIVERSAS SABÓ',NULL,2),(771,'JUNTA DIVERSAS BRASMECK',NULL,3),(772,'JUNTA DIVERSAS MOTOR BRANIL',NULL,4),(773,'JUNTA DIVERSAS LF',NULL,5),(774,'JUNTA CAMBIO BRANIL',NULL,5),(775,'REGULADOR VOLTAGEM BOSCH VW/FIAT ','F00M145876',140),(776,'CORREIA ALT/HID GM/FIAT GOODYEAR','10685 GOODYEAR',10),(777,'KIT CAIXA DIREÇÃO CORCEL/PAMPA LF','989A LF',5),(778,'CUPULA ALAVANCA MARCHA FUSCA/BSB LF','288 LF',8),(779,'PARAFUSO REGULAGEM VALVULA VW AR LF','196A LF',2),(780,'KIT CAIXA DIREÇÃO CHEVETTE LF','985A LF',7),(781,'CHAPA GUIA RÉ VW LF','299 LF',3),(782,'BAQUELITE BOMBA GASOLINA VW AP','1247 LF',3),(783,'BORBOLETA CABO EMBREAGEM VW AR LF','305 LF',2),(784,'JOGO CABOS VELAS GOL MI 1.0 8V OLIMPIC','11081 OLIMPIC',60),(785,'TUCHO VELA CONICO LF','220 LF',5),(786,'MARCADOR COMBUSTIVEL FUSCA/82 CAV','P2090 CAV',40),(787,'TUCHO VELA PARALELO LF','219 LF',5),(788,'ANEL COMPENSAÇÃO VW 1300 AR LF','250 LF',2.5),(789,'ARRUELA AJUSTE VOLANTE VW AR LF','245 LF',3),(790,'ALAVANCA MARCHA PAMPA/DELREY 5M LF','1797 LF',25),(791,'JUNTA CARTER GOL CHT BRANIL',NULL,6),(792,'CILINDRO IGNIÇÃO CORSA VALEO','GM4704 VALEO',50),(793,'MAÇANETA EXTERNA CHEVETTE CROMADA UNIVERSAL','40131 UNIV',10),(794,'BOMBA INJEÇÃO FLEX TESLA','TES120',110),(795,'SUPORTE FIXAÇÃO BATERIA LF','SB12',4),(796,'COMUTADOR IGNIÇÃO CORSA/ASTRA GM','90052498 GM',20),(797,'CHAVE SETA CORSA/VECTRA DELPHI','WC10009',45),(798,'CABO LIGAÇÃO IGNIÇÃO ELETRONICA MAXI CABO','MX01016 ',15),(799,'BOLA ALAVANCA GOL VW','3777711141 VW',10),(800,'GARFO MOTOR PARTIDA GM/FIAT/FORD/VW UNIFAP','4403 UNIFAP',8),(801,'REGULADOR PRESSÃO GOL/ASTRA GM','RPH206',45),(802,'SENSOR INJEÇÃO FORD KA/99 FORD','PEG648',65),(803,'CAIXA FUSIVEIS OPALA MARFLEX','3037 MARFLEX',20),(804,'CAIXA FUSIVEIS CHEVETTE MARFLEX','3038 MAFLEX',20),(805,'SENSOR INJEÇÃO FIAT FIRE 8V FIAT','PEG 133',50),(806,'CILINDRO IGNIÇÃO COMPLETO UNO VALEO','FI6876 VALEO',120),(807,'VALVULA BOIA WEBER DS','7225 VOGEL',10),(808,'TERMOVALVULA CARBURADOR VW/FIAT/FORD','0261318511 VW',35),(809,'TENSOR POLIA ALTERN. CORSA/VECTRA/CELTA GM','24412292 GM',150),(810,'TELA FILTRANTE CARBURADOR BROSOL','540 VOGEL',3),(811,'CABO TERRA 30CM AMS','AMS 33030',10),(812,'TRAMBULADOR VW 5M LF',NULL,58),(813,'COXIM CAMBIO VW AP MB',NULL,16),(814,'BUCHA BALANÇA SANTANA AÇO MB',NULL,7),(815,'TUBO DAGUA UNO 1.0/1.5 NAC. VALCLEI','VIC1005 ',12),(816,'BOMBA DAGUA PALIO 8V UNIBOMBAS','BD9021',65),(817,'TUBO DAGUA CORSA/VECTRA DOFAB','1025 DOFAB',20),(818,'PIVO SUSPENSÃO GOL 97/ DFB','120324 DFB',36),(819,'JUNTA DESLIZANTE VW AP/AT SANTANA/92 SPICER','146139 SPICER',78),(820,'TERMINAL DIREÇÃO CORSA NAKATA','N3009 NAKATA',34),(821,'JUNTA CARTER PALIO C/LIMITADOR SPAAL','40416 SPAAL',15),(822,'PIVO INFERIOR CORCEL/PAMPA NAKATA','N2019 NAKATA',28),(823,'FILTRO AR VECTRA 97/ METAL','LX614 ML',17),(824,'DISCO FREIO GOL SOLIDO HIPPER','HF01',30),(825,'ALAVANCA FREIO MÃO GOL BOLA LF','SH5010P',40),(826,'JOGO MOLAS TRASEIRA CORSA /02 ALIPERTI','AL141 ',135),(827,'ENGRENAGEM VIRABREQUIM CORSA GM','90502545 GM',30),(828,'JOGO CABOS VELAS FUSCA MARFLEX','1201C MARFLEX',15),(829,'BRONZINA BIELA VW AR ML','BB121 ML',16),(830,'BRONZINA MANCAL VW AR ML','BC 254 ML',45),(831,'BRONZINA COMANDO VW AR ML','EC083 ML',22),(832,'JOGO ANEIS VW 1600 /84 AR COFAP','SNA2297 COFAP',40),(833,'JOGO JUNTA MOTOR VW AR C/RETENTOR SABÓ','46606EF SABÓ',20),(834,'FLANGE BOMBA COMBUSTIVEL MAREA/STILO/BRAVA VP','VP 7056 VP',120),(835,'RETENTOR POLIA FUSCA/KOMBI SABÓ','1858 SABÓ',20),(836,'CARTER MOTOR CORSA DHF','6035 DHF',58),(837,'COIFA RODA KOMBI SABÓ','78554 SABÓ',10),(838,'FILTRO AR KOMBI VW 1600 TUBO DUPLO INPECA','SAP2022 INPECA',20),(839,'ANTI CHAMA KOMBI AJE','87080 AJE',6),(840,'VALVULA TERMOSTATICA GOL MI 1.O MAX','MVT7003 ',30),(841,'CAMARA VALVULA TERMOSTATICA GOL MI 1.0 DOFAB','ST91514 DOFAB',10),(842,'BENDIX MOTOR PARTIDA UNO/PALIO','846 ZEN',35),(843,'JOGO LONAS VW AP GRANDE SYL','303100 SYL',12),(844,'TAMPA TANQUE GM/VW ROSCA CLICK','607 FLORIO',20),(845,'JOGO ANEIS VW 1600 AR 85/ COFAP','SNA6539',88),(846,'FILTRO AR VW GOL EFI 95/ ARL 6091 ML','LX909 ML',10),(847,'RETENTOR POLIA FUSCA/KOMBI C/ABA ORION','1943 SABÓ',25),(848,'BOMBA OLEO VW AP ORIGINAL','026115105F VW',185),(849,'JUNTA CARTER VW AP BORRACHA  SABÓ','0261036092 VW',45),(850,'FILTRO AR GOL MI 1.0 2003/ ARL 6091','ARL6025',13),(851,'KIT COMANDO CORSA 1.0 MPFI GM','GM CORSA',390),(852,'KIT JUNTA CABEÇOTE CORSA 1.0 BRASMECK','20167 BRASMECK',28),(853,'JOGO VALVULAS CORSA 1.0 TRW',NULL,98),(854,'BOMBA COMBUSTIVEL UNO 1500 ARG KOBLA','K2035',90),(855,'COMUTADOR IGNIÇÃO FIAT PALIO FACOBRAS','1132 FACOBRAS',30),(856,'COMUTADOR IGNIÇÃO FIAT FACOBRAS','1147 FACOBRAS ',30),(857,'KIT INJEÇÃO PALIO/UNO 1.0 8V FIRE MPI SCHUCK','SK590',13),(858,'SOQUETE ROSETA PLASTICO LF',NULL,3),(859,'ATUADOR MARCHA LENTA VW MI AP MAGNETI','40430102 MAGNE',75),(860,'CABO CAPÕ GOL BOLA EFRARI',NULL,15),(861,'BUCHA TIRANTE CORCEL/PAMPA MB','20011 MB',2),(862,'BUCHA BALANÇA INF/SUP. CORCEL/PAMPA 85/ MB','20021',5),(863,'BUCHA T AMORT.DIANT.BAIXO CORCEL/PAMPA MB','20006 MB',9),(864,'COXIM CAMBIO CORCEL/PAMPA MB','20003 MB',8),(865,'CILINDRO RODA PAMPA 4X2 FREINNER','FCR13012 FREIN',30),(866,'BIELETA CORCEL/PAMPA MB','20004 MB',8),(867,'JOGO LONAS FREIO CVT/PAMPA FRASLE','CB40 FRASLE',10),(868,'ALAVANCA CAMBIO COMPLETA CORCEL/PAMPA 5M KITC','20519 KITCIA',78),(869,'CABO FREIO MÃO PAMPA FANIA','34211 FANIA',48),(870,'BOBINA IGNIÇÃO CORSA MPFI/2001 MAGNETI','DS20013',195),(871,'JOGO SAPATA TIPO SYL','203008 SYL',40),(872,'BUCHA BALANÇA PALIO DT S/BARRA BORFLEX','789 BORFEX',8),(873,'BUCHA BALANÇA PALIO TRAS. S/BARRA BORFLEX','807 BORFLEX',25),(874,'COXIM AMORT.DIANTEIRO PALIO MB','MB461',48),(875,'KIT AMORTECEDOR DIANTEIRO PALIO KIT CIA',NULL,15),(876,'BOBINA IGNIÇÃO GM 2.0 MPFI 8V GM','93275309 GM',210),(877,'BOBINA IGNIÇÃO 039 BOSCH','9220081039 BOS',110),(878,'AMORTECEDOR DIANT.CHEVETTE COFAP','SB27016 COFAP',125),(879,'PIVO INFERIOR CHEVETTE DFB','120340 DFB',30),(880,'PIVO SUPERIOR CHEVETTE DFB','120341 DFB',30),(881,'REGULADOR VOLTAGEM 032 GAUSS','GA032 GAUSS',24),(882,'JOGO CABOS VELAS FIRE 8V DAYCO','DYFI09',55),(883,'CUBO DIANTEIRO FIAT 147 VOBER','31404VOBER',35),(884,'ROLAMENTO DIANTEIRO FIAT 147','633313 GIRO',30),(885,'PARAFUSO RODA FIAT CROMADO LL',NULL,3),(886,'BOMBA DAGUA FORD ZETEC 1.0 MAX',NULL,88),(887,'JOGO JUNTA CAMBIO GM/CORSA/VECTRA BRANIL','BCHC002',10),(888,'MANGUEIRA DAGUA VW AP 33048','33048 JAMAICA',10),(889,'DISCO FREIO STILO 1.8 8V VARGA',NULL,118),(890,'PASTILHAS FREIO STILO 1.8 8V DELPHI',NULL,99),(891,'REGULADOR VOLTAGEM 002 GAUSS','GA002 GAUSS',58),(892,'BOMBA DAGUA FIAT FIRE 8V/16V 1.0/1.3 MAX',NULL,110),(893,'KIT EMBREAGEM OPALA 4CC LUK','623208700 LUK',380),(894,'JOGO DE JUNTA MOTOR FIESTA/KA ZETEC 1.0 BRASM','1010008',48),(895,'JOGO ANEIS FIAT NACIONAL /96 COFAP','DA 6563 COFAP',90),(896,'BOMBA OLEO FIAT NACIONAL BROSOL',NULL,109),(897,'JOGO MEIA LUA FIAT METAL LEVE','AE043 ML',13),(898,'ANTI CHAMA FIAT DOFAB','DB1511 DOFAB',5),(899,'JOGO JUNTA MOTOR FIAT C/RETENTOR SABÓ','40517 C/RET BR',120),(900,'KIT EMBREAGEM CORCEL II /PAMPA LUK','620302300 LUK',270),(901,'BALANÇA INFERIOR CHEVETTE TREMAG','GM2008',70),(902,'AMORTECEDOR TRASEIRO SANTANA COFAP','B27039 COFAP',325),(903,'BUCHA BALANÇA GOL/SANTANA AXIOS','1510110502 AXI',18),(904,'PIVO SANTANA DIR.MEC. DFB','JE2908 DFB',30),(905,'COIFA CAIXA DIREÇÃO GOL','35013 MB',3),(906,'KIT AMORTECEDOR TRASEIRO SANTANA MB',NULL,20),(907,'JOGO CABOS VELAS KOMBI 88/ DAYCO','DYVW13',50),(908,'VALVULA HIDROVACUO KOMBI VARGA','RCVA0068T ',13),(909,'MOLA ACELERADOR VW',NULL,2),(910,'POLIA ALTERNADOR VW/KOMBI UNIFAP','3302 UNIFAP',18),(911,'ARRUELA GERADOR FUSCA LF',NULL,0.25),(912,'PIVO CORSA DFB','120329 DFB',35),(913,'SUPORTE BARRA CORSA MB','AC835 MB',35),(914,'MANGUEIRA FILTRO AR CORSA C/SENSOR GONEL','G3204 GONEL',35),(915,'FILTRO AR PAMPA/VW/FIAT (TUBO)','SA8528',28),(916,'BUCHA TRAMBULADOR FIAT LF','2001325 IMPACT',3),(917,'TERMINAL BATERIA MARILIA',NULL,4),(918,'ANEL DISTRIBUIDOR MONZA BRANIL','BJ 3555 BRANIL',2),(919,'RETENTOR VOLANTE MONZA /86 RUK','2264 SABO',25),(920,' PASTILHAS ECOSPORT/FIESTA NOVO SYL','PD497 FRASLE',78),(921,'JOGO MOLAS DIANTEIRA ESCORT /92 CINDUMEL','CIN100 CINDUME',80),(922,'ABRAÇADEIRA DISTRIBUIDOR VW AR','182 LF',5),(923,'BUJÃO CARTER GM VECTRA/ASTRA','2730 LF',6),(924,'VALVULA FILTRO OLEO CHEVETTE LF','6855 LF',10),(925,'BENDIX MOTOR PARTIDA HNZ 65','HNZ 65 ZEN',25),(926,'SANGRIA FREIO 7X38','1852 LF',3),(927,'PARAFUSO HOMOCINETICA VW LF','195 LF',2),(928,'PINO TULIPA FORD LF','310 LF',2),(929,'PARAFUSO RODA KOMBI LF','1838 LF',3),(930,'SAFA ONÇA LF','192 LF',2),(931,'PORCA TUBO FREIO LF','1916 LF',2),(932,'PORCA 8MM LF','612 LF',0.3),(933,'PORCA DUPLA 8MM LF','619A LF',2),(934,'PORCA DUPLA OPALA LF','619 LF',2),(935,'PARAFUSO 6MM LF','682 LF',1),(936,'PARAFUSO 8MM MEDIO LF','688 LF',1),(937,'FILTRO AR ESCORT/PAMPA CHT TEC FIL','AR6084 TEC FIL',24),(938,'SEPARADOR VACUO DECAR','35964 DECAR',10),(939,'PORCA 5MM LF','581 LF',0.3),(940,'PARAFUSO DISCO FREIO LF','765 LF',1),(941,'PORCA 6MM','611 LF',0.5),(942,'PARAFUSO MAÇANETA 5MM LF','1565 LF',1),(943,'ALAVANCA FREIO MÃO MONZA GM','52269245 GM',60),(944,'GRAXA SPRAY 300ML',NULL,10),(945,'LIAME DO TRANBULADOR MONZA  DEFABRI','DF9902',18),(946,'RETENTOR DO LIAME MONZA ORION','2373 BRG',10),(947,'ANEL COLETOR ADMISSÃO GOL MI 1.0 BRANIL','BJ 3930 BRANIL',2),(948,'JOGO VELAS GOL FLEX 1.0 2006/','SP30',58),(949,'JOGO ANÉIS FORD FIESTA/KA ZETEC','TA7453 COFAP',135),(950,'BRONZINA BIELA FORD FIESTA/KA ML',NULL,103),(951,'BRONZINA MANCAL FORD FIESTA/KA ML',NULL,126),(952,'JOGO JUNTA MOTOR FORD FIESTA/KA ZETEC 1.0 8V ',NULL,68),(953,'TAMPA RESERVATÓRIO FORD KA/FIESTA/MONDEO/ FLO','MF39 FLORIO',8),(954,'CILINDRO IGNIÇÃO GOL/SANTANA 88/ ','MM6252',25),(955,'VALVULA TERMOSTÁTICA GOL MI 1.0 MTE','VT24587CT',65),(956,'BATERIA 60 AMP TARGET','XP60D TARGET',120),(957,'BATERIA 60 AMP.LUBAX','L60D LUBAX',140),(958,'TENSOR CORREIA DENTADA CORSA ROLTENS','RT6004',75),(959,'BOMBA COMBUSTIVEL MONZA KOBLA','K5023S ',65),(960,'DISCO FREIO FORD KA/FIESTA VARGA',NULL,70),(961,'PASTILHAS FREIO FORD KA/FIESTA COBREQ',NULL,39),(962,'JUNTA DESLIZANTE KOMBI DFB','130105 DFB',85),(963,'COMUTADOR IGNIÇÃO KOMBI FACOBRAS','1106 FACOBRAS',20),(964,'AMORTECEDOR TRASEIRO PARATI BOLA COFAP','B47099 COFAP',195),(965,'JOGO MOLAS DIANTEIRO PARATI BOLA','MCEVW33',115),(966,'JOGO MOLAS TRASEIRA PARATI BOLA',' MCEVW 37',155),(967,'KIT AMORTECEDOR DIANT.GOL MB','0440833 AXIOS',28),(968,'KIT AMORTECEDOR TRASEIRO PARATI COFAP','KSC01205S COFA',28),(969,'BOIA CARBURADOR W/DUPLO CHT WEBER','40388802 MAGNE',15),(970,'BOIA CARBURADOR TLDZ WEBER','403859 MAGNETI',16),(971,'KIT ESTABILIZADOR VW AP INT/EXT MB','33006 MB',2.5),(972,'CAIXA DIREÇÃO FORD PAMPA/BELINA TRW REC.','RB20101011T',210),(973,'MARCADOR COMBUSTIVEL FUSCA VDO','170003001R',48),(974,'KIT JUNTA CABEÇOTE PALIO 1.0 BRASMECK',NULL,30),(975,'AMORTECEDOR DIANTEIRO KOMBI 98/ COFAP','B47765 COFAP',110),(976,'AMORTECEDOR TRASEIRO KOMBI 98/ COFAP','L12363 COFAP',130),(977,'CORREIA ALTERNADOR PALIO 98/ CONTITECH','6PK1105 CONTIT',20),(978,'SENSOR NIVEL GOL 97/ VDO','221040012R',55),(979,'PINHÃO VELOCIMETRO LOGUS VW','02A409197',48),(980,'CEBOLÃO RADIADOR GOL S/AR MAX','MIT9002 MAXX',20),(981,'AMORTECEDOR PORTA MALA PALIO COFAP','16280 COFAP',40),(982,'FLEXIVEL TRASEIRO ESCORT/LOGUS NORFLEX','133 NORFLEX',13),(983,'TENSOR CORREIA DENTADA GM 1.8/2.0/2.2 97/','93353848 GM',90),(984,'TENSOR CORREIA ALT.VECTRA/ASTRA NYTRON','9904 C/P DEFAB',38),(985,'FILTRO AR ASTRA/VECTRA NOVO 97/','LX614',17),(986,'KIT TBI VECTRA/ASTRA FLEX ICEL',NULL,15),(987,'FILTRO COMBUSTIVEL VECTRA/ASTRA TEC FIL','GI 12',17),(988,'PONTA HOMOCINETICA FIORINO 94/ COFAP','JHC03116',145),(989,'LANTERNA TETO GM LF',NULL,3),(990,'JUNTA CABEÇOTE GOL MI 1.0 BRASMECK','30342GAS',20),(991,'CALÇO DO BANCO GOL TODOS',NULL,1),(992,'BOIA DO TANQUE CHEVETT VDO','D19390',36),(993,'COXIM AMORTECEDOR MONZA DT MB','MB197',18),(994,'JOGO CABOS VELAS CORSA MARFLEX','SCG73 MARFLEX',50),(995,'BOMBA INJEÇÃO MONZA/KADETT EFI DELPHI','BCD00101 DELPH',130),(996,'FLEXIVEL TRASEIRO ESCORT 92/ NORFLEX','3087 NORFLEX',13),(997,'BIELETA LOGUS VIC METAL','VIC10004',22),(998,'KIT ESTABILIZADOR LOGUS KITS BOR','0219 KITS BOR',4),(999,'CABO EMBREAGEM GOL BOLA AP 97/ EFRARI','EF799D',22),(1000,'PIVO INFERIOR CHEVETTE TRW','PS830',32),(1001,'ROLAMENTO 11749 GIRO','11749/710 GIRO',10),(1002,'JOGO CABOS VELAS GOL MI 1.0 8V BOSCH','F00099C081',95),(1003,'ROLAMENTO SEMI EIXO PALIO/UNO 1.0 SKF','VKJP84887',17),(1004,'TAMPA DISTRIBUIDOR CORSA BOSCH','9231087623 BOS',55),(1005,'MANGUEIRA FILTRO AR KADETT 97/98 GONEL','G3213 GONEL',85),(1006,'AMORTECEDOR DIANTEIRO KADETT COFAP','SC32550 COFAP',240),(1007,'BATENTE AMORTECEDOR DIANTEIRO KADETT MB','14021 MB',6),(1008,'LOCALIZADOR MOLA DIANT.KADETT MB','14034 MB',6),(1009,'CALÇO MOLA DIANTEIRA GM KADETT','14015 MB',4),(1010,'SENSOR TEMPERATURA MTE 4051','4051 MTE',18),(1011,'BOBINA IGNIÇÃO GOL MI 1.0 OLIMPIC','41104 OLIMPIC',95),(1012,'VALVULA TERMOSTAICA CORSA C/CARCAÇA GM','93275736 GM',64),(1013,'KIT EMBREAGEM CORSA/2000 CELTA/PRISMA SACHS','6285 SACHS',210),(1014,'KIT JUNTA CABEÇOTE GM 2.0/2.2 BRASMECK','20158 BRASMECK',28),(1015,'JUNTA CABEÇOTE GM 1.8 BRANIL','BN009 BRANIL',15),(1016,'CABO EMBREAGEM MONZA EFRARI','GM242 EFRARI',17),(1017,'JUNTA CABEÇOTE GOL MI 1.0 SABÓ',NULL,30),(1018,'KIT SERVO FREIO CHEVETTE VARGA','00424',150),(1019,'JOGO MOLAS TRASEIRA MONZA 91/','90250256 GM',96),(1020,'VELA IGNIÇÃO DELCO/NGK','93614603',7),(1021,'JOGO CABOS VELAS OPALA 4CC OLIMPIC','12441 OLIMPIC',10),(1022,'CILINDRO MESTRE MONZA 88/ KADETT GM','52286808',85),(1023,'JOGO ANEIS GM 2.0/2.2 COFAP',NULL,130),(1024,'CABO EMBREAGEM UNO /89 EFRARI','FNM 088A',13),(1025,'DISCO FREIO GOL VENTILADO SANTANA 88/94 HIPPE','HF02A HIPPER',60),(1026,'MANGUEIRA SUSPIRO GOL MI 8V 2002/ JM3301','3301 JAMAICA',24),(1027,'MANGUEIRA FILTRO AR SANTANA MI 97/ GONEL','G3011 GONEL',70),(1028,'RELE INJEÇÃO GM ASTRA VECTRA GM','90494959',32),(1029,'RETENTOR LATERAL CAMBIO MONZA/VECTRA SABO','2374 SABO',18),(1030,'ALAVANCA MARCHA ESCORT 87/ KITCIA','20522 KITCIA',68),(1031,'KIT MOTOR FORD CHT 1.6 SUK1806 ML','SUK1806',540),(1032,'ROLAMENTO EIXO PILOTO FORD INA','HK1214RS',12),(1033,'JOGO TUCHO CORCEL FORD FABRAÇO','FT834',48),(1034,'VALVULA TERMOSTATICA CHT MAXI','MVT7002',28),(1035,'COXIM CAMBIO FORD CORCEL/PAMPA MB','2003 MB',10),(1036,'KIT TENSOR FORD CHT KE122 ML','KE122 ML',75),(1037,'MANGUEIRA SUPERIOR FORD CORCEL MB','7299 MB',14),(1038,'JOGO CABOS VELAS GOL CHT DAYCO','STV03',65),(1039,'JOGO VELAS GOL/FOX 1.0 NGK ','BKR7ESB',44),(1040,'REGULADOR VOLTAGEM GA057 CORCEL GAUSS','GA057',45),(1041,'CABO VELOCIMETRO CHEVETTE EFRARI','GM225B',15),(1042,'FLANGE BOMBA COMBUSTIVEL VW MI VEPER','VP7025',18),(1043,'JUNTA DESLIZANTE VW AP/AT STOCK','JDS204204',80),(1044,'ENGRENAGEM CORREIA DENTADA VW AP APLIC','507 APIC',25),(1045,'COXIM MOTOR VW AR MB','30010 MB',6),(1046,'COXIM CAMBIO VW AR MB','30008 MB',16),(1047,'BOMBA OLEO MONZA/KADETT 1.8/2.0 FASE II GM','94657310 GM',195),(1048,'JOGO BALANCINS GM TODOS 1.0/2.4 KUIR','90409194',75),(1049,'EIXO COMANDO VALVULA CORSA 1.0 GM','93272192 GM',195),(1050,'COXIM CARDAN COMPLETO CHEVETTE REI','R242 REI',45),(1051,'BOMBA DAGUA CORSA UNIBOMBAS','BD9380',80),(1052,'SENSOR DE ROTAÇÃO ASTRA/ZAFIRA 2.0 SIEMENS','324003008R',78),(1053,'BOBINA IGNIÇÃO ASTRA GM',NULL,230),(1054,'RELE SETA 3 SAIDA DNI','DNI1109',12),(1055,'RELE SETA FIAT 4 SAIDAS DNI','DNI1117',15),(1056,'RELE FAROL VW MARILIA','IM11400',20),(1057,'RELE DUPLO FAROL MARILIA','IM14401',30),(1058,'RELE INJEÇÃO VW VERDE KOSTAL','5997565 KOSTAL',20),(1059,'RELE AUXILIAR 4 SAIDAS G10','G10102 G10',6),(1060,'RELE AUXILIAR 5 SAIDAS G10','G10116 ',9),(1061,'RELE MINI AUXILIAR 5 SAIDAS DNI','DNI0126',10),(1062,'RELE SETA 2 SAIDAS DNI','DNI1120',8),(1063,'SENSOR NIVEL ASTRA/VECTRA TSA','TSA010085',75),(1064,'JUNTA TAMPA VALV.GM FASE II BRANIL','BCHM210',4),(1065,'BOIA CARBURADOR BLFA BROSOL','30074 BROSOL',11),(1066,'VALVULA BOIA CARB BLFA BROSOL','50270 BROSOL',10),(1067,'MODULO IGNIÇÃO 6 SAIDAS GM/FIAT/FORD GAUSS','GA2005 GAUSS',90),(1068,'REPARO PINO GUIA MONZA',NULL,32),(1069,'AMORTECEDOR DIANT.KOMBI CLIPPER COFAP','B47568',50),(1070,'AMORTECEDOR TRASEIRO KOMBI CLIPPER COFAP','BL1007',76),(1071,'FILTRO AR CONDICIONADO VECTRA ',NULL,16),(1072,'BOMBA COMBUSTIVEL CHT KOBLA','K9148S',56),(1073,'DISCO FREIO PALIO 2006/ HIPPER',NULL,75),(1074,'CORREIA DENTADA CORSA HNBR DELCO','90531677',25),(1075,'JOGO CABOS VELAS CHEVETTE OLIMPIC/','12444 OLIMPIC',15),(1076,'DISCO FREIO LOGUS/FIESTA VENTILADO HF10A HIPP','HF10A HIPPER',68),(1077,'POLIA BOMBA DAGUA OPALA CAETES','C1623 CAETES',28),(1078,'BATERIA CRAL 150 AMPERES','150D CRAL',380),(1079,'FITA ISOLANTE 5 METROS 3M',NULL,1),(1080,'JOGO PISTÃO C/ANEL CHEVETTE 1.6 METAL LEVE','PEA1424 ML',450),(1081,'JOGO CABOS VELAS ESCORT HOBBY STV04','STV04',50),(1082,'BOMBA OLEO CHEVETTE BROSOL/SCHADEK',NULL,90),(1083,'FLANGE BOMBA COMB.CORSA VEPER','VP7016',24),(1084,'RETENTOR COMANDO VALV.FIRE 16V SABÓ','5246BRAGF',15),(1085,'COXIM AMORTECEDOR DIANT.VECTRA 97/ GM','90538936',40),(1086,'FILTRO AR MONZA/KADETT ML','LX958',10),(1087,'BUCHA EIXO TRASEIRO GOL MB','33023MB',6),(1088,'TAMPA DISTRIBUIDOR 442 BOSCH','442 BOSCH',48),(1089,'TAMPA RESERVATORIO CLIO','MF42',8),(1090,'PIVO FIAT 147/UNO DFB',NULL,24),(1091,'TENSOR CORREIA DENTADA GOL MI 1.0 8V INA','F232134',90),(1092,'FLEXIVEL DIANTEIRO FIAT UNO NOEFLEX','2003 NORFLEX',10),(1093,'SENSOR TEMP.INJEÇÃO 4053 MTE','4053MTE',18),(1094,'RETENTOR VOLANTE VW AP CORTECO','1981 SABO',26),(1095,'JOGO LONAS KOMBI TRASEIRA 81/ FRASLE','VW275',18),(1096,'KIT EMBREAGEM PALIO 1.0 UNO 1.0 96/ LUK',NULL,210),(1097,'RETENTOR VOLANTE PALIO/FIAT UNO SABO','2269 SABO',28),(1098,'TENSOR CORREIA DENTADA VW MI 1.0 NYTRON','7737 NYTRON',58),(1099,'RETENTOR VOLANTE FORD 1945 SABO','1945 SABO',17),(1100,'RETENTOT POLIA FORD 0962 SABO','0962 SABO',8),(1101,'CEBOLINHA OLEO FORD OLIMPIC','13017 OLIMPIC',10),(1102,'JOGO ANEIS FORD CHT DA6583','DA6583 COFAP',150),(1103,'CUBO DIANTEIRO ASTRA ARO 14 IMA','AL501 IMA',180),(1104,'PASTILHAS FREIO ASTRA ARO 14 ECO','PD57 ECO',85),(1105,'JOGOS CABOS VELAS CORSA DELPHI','XS 10001',70),(1106,'REGULADOR VOLTAGEM BOSCH FIAT/VW/FORD/GM','F00M144154 BOS',145),(1107,'ROLAMENTO RODA TRASEIRA FUSCA/BSB DSI','6306 DSI',20),(1108,'SUPORTE BARRA ESTAB.CORSA',NULL,38),(1109,'KIT ESTABILIZADOR CORSA MB',NULL,5),(1110,'CABO EMBREAGEM PALIO 1.0/ 1.5/1.6 /2000 FANIA','81071 FANIA',26),(1111,'BARRA AXIAL PALIO MEC. VIEMAR','680029 VIEMAR',26),(1112,'PONTA HOMOCINETICA PALIO 1.0 STOCK','JHS201007',100),(1113,'TERMINAL DIREÇÃO PALIO DIREITO TRW','335073 VIEMAR',29),(1114,'TERMINAL DIREÇÃO PALIO ESQUERDO TRW','335072 VIEMAR',29),(1115,'COIFA CAIXA DIREÇÃO PALIO MB','10137 KIT CIA',7),(1116,'BOMBA COMBUSTIVEL KADETT/MONZA  EFI DELPHI ','BCD00101',135),(1117,'JOGO CABOS VELAS GOL MI 1.0 16V NGK','STV24 NGK',109),(1118,'PLACA RETIFICADORA GM/FIAT GAUSS','GA1275 GAUSS',65),(1119,'PASTILHAS HONDA CIVIC SYL1250','SYL1250',54),(1120,'AMORTECEDOR PORTA MALA GOL COFAP','16271 COFAP',38),(1121,'PASTILHAS FREIO FOX 1.0 HIPPER','SNA260',65),(1122,'RETENTOR VOLANTE VW MI 1.O FLANGE SABÓ 5502','5502 SABÓ',98),(1123,'KIT EMBREAGEM CHEVETTE LUK',NULL,290),(1124,'CABO EMBREAGEM CHEVETTE IKS 4303','IKS4303',18),(1125,'COXIM SUPERIOR AMORT. DIANT. GOL MONBESANI','MB 352 A ',20),(1126,'RETENTOR LATERAL CAMBIO VW AP SABÓ 2068','2068BRGP',8),(1127,'JOGO VELAS FORD ZETEC NGK TR6B10','TR6B10',54),(1128,'SENSOR VELOCIDADE VW AP/AT ORIGINAL','3259578271',55),(1129,'BRONZINA BIELA VW AP BB390 ML','BB390 ML',38),(1130,'JOGO LONAS FIAT FRASLE ','FI90 FRASLE ',8),(1131,'KIT ESTABILIZADOR UNO MB',NULL,3),(1132,'BORRACHA PONTA ESTABILIZADOR UNO MB',NULL,2),(1133,'BICO INJETOR WEBER 460 LF',NULL,7),(1134,'KIT EMBREAGEM CORSA 1.8 GM',NULL,450),(1135,'CHAVE TIC TAC MARILIA',NULL,6),(1136,'BOTÃO BUZINA MARILIA','IM11036',6),(1137,'BUCHA EIXO TRASEIRO CORSA MB','MB1138',9),(1138,'BOBINA IGNIÇÃO UNO/PALIO DELPHI','CE10103',58),(1139,'FILTRO AR FORD FIESTA/KA SUPERCHAGER','AL9609',20),(1140,'CORREIA ALTERNADOR FIESTA 1.0 CONTI','6PK2130',30),(1141,'JOGO CABOS VELAS MONZA SUP. OLIMPIC','SCG61 OLIMPIC',46),(1142,'JOGO ESCOVAS MOTOR PARTIDA X28 VW/FIAT/FORD/G','X28 CARBONO',5),(1143,'BUCHA MOTOR PARTIDA 321 G10',NULL,2),(1144,'JUNTA TAMPA VALVULAS FIAT FIRE SABÓ','75613 SABÓ',12),(1145,'INTERRUPTOR RÉ VW AR OLIMPIC','15222 OLIMPIC',9),(1146,'MANGUEIRA COLETOR VW AP 2016 JAMAICA','2012 JAMAICA',16),(1147,'HELICE RADIADOR OPALA LF','193224 MODEFER',18),(1148,'TENSOR CORREIA ALTERNADOR VW AP COMP.NYTRON',NULL,98),(1149,'POLIA MOTOR/ALTERNADOR VW AP HITEC','P108',85),(1150,'CORREIA ALTERNADOR VW AP COMPLETO 6PK2270 CON','6PK2270',30),(1151,'FILTRO AR FORD FIESTA ENDURA METAL','LX687 ML',10),(1152,'JUNTA COLETOR ESCAPE GOL MI 1.O 8V BRANIL',NULL,5),(1153,'KIT TBI CORSA EFI AUTOLEX','230011 AUTOLEX',8),(1154,'CABO FREIO MÃO PASSAT FANIA','61115 FANIA',28),(1155,'TERMINAL DIREÇÃO VW AP DIR.MEC. DFB','PD3899',22),(1156,'PASTILHAS VECTRA ARO 15 2002/ GM','PD72',120),(1157,'DISCO FREIO GOL VENT. SANTANA 90/94 VARGA','RCDI 0102.0',70),(1158,'CARCAÇA BOMBA DAGUA VW AP ORIGINAL','026121035 VW',90),(1159,'ATUADOR MARCHA LENTA FORD KA/FIESTA ENDURA MT','7464 MTE',178),(1160,'JOGO SAPATA PALIO WEEKEND MP','MP004S',68),(1161,'JOGO CABOS VELAS CORSA GM/DELPHI','XS10001',80),(1162,'MANGUEIRA SUSPIRO TANQUE CORSA GM','90467442 GM',16),(1163,'KIT EMBREAGEM VECTRA 2.2 99/ ZAFIRA 2.O 99/','623242509 LUK',280),(1164,'PASTILHAS FREIO CHEVETTE SYL','PD6 FRASLE',10),(1165,'JOGO VELAS VW FOX 1.6 FLEX 2005/ NGK','ZFR6PG NGK',64),(1166,'SENSOR NIVEL COMBUSTIVEL VW KOMBI 97/','221040016R',59),(1167,'AMORTECEDOR PORTA MALA KOMBI 97/ COFAP','16220 COFAP',45),(1168,'TRAMBULADOR CAMBIO BSB/KOMBI LF','31011 MB',10),(1169,'TAMPA OLEO MOTOR VW/GM/FORD FLORIO','MF27 FLORIO',6),(1170,'PINO CENTRAL KOMBI BUTUEM',NULL,58),(1171,'COIFA RODA FIAT MB',NULL,6),(1172,'CABO FREIO MÃO OPALA 80/ IKS','IKS4202',35),(1173,'DISCO FREIO ESCORT /92 HOBBY HIPPER',NULL,70),(1174,'MANGUEIRA SUPERIOR CORSA JAMAICA','7119 JAMAICA',10),(1175,'FLEXIVEL DIANTEIRO ESCORT /92 HOBBY NORFLEX','3005 NORFLEX',14),(1176,'ENGRENAGEM COMANDO OPALA APLIC','214 APLIC',85),(1177,'JUNTA LATERAL TUCHO OPALA SABÓ','10627EF',4),(1178,'RETENTOR POLIA OPALA SABÓ','0222 SABÓ',10),(1179,'INTERRUPTOR PORTA UNIVERSAL ','ETE7945',3),(1180,'SOQUETE FAROL 3 FIOS G10','G1024',3),(1181,'CABO ACELERADOR OPALA /90 IKS','IKS4111',10),(1182,'BOBINA IGNIÇÃO CORSA MPFI 98/02 THOMSON','7994 THOMSON',188),(1183,'TAMBOR FREIO VW GOL/SANTANA PEQUENO HIPPER',NULL,76),(1184,'PONTA EIXO TRASEIRO VW GOL/SANTANA IMA',NULL,45),(1185,'VARETA OLEO VW AP LF',NULL,10),(1186,'PONTA HOMOCINETICA CORSA DFB','130103 DFB',130),(1187,'JOGO CABOS VELAS VW AP /85 NGK','STV 01 NGK',48),(1188,'JOGO CABOS VELAS VW AP STV02 NGK','STV02 NGK',54),(1189,'BOMBA DAGUA GOL MI 16V SKF','VKPC81411A',90),(1190,'FILTRO AR KADETT/OMEGA IMPECA','SAL9395',14),(1191,'SENSOR NIVEL CORSA 99/02 VDO','221040002R',45),(1192,'CILINDRO EMBREAGEM ZAFIRA GM','90581565 GM',165),(1193,'PARAFUSO RODA MONZA/CORSA LF',NULL,3),(1194,'BOBINA IGNIÇÃO BOSCH 077 VW','9220081077 ',110),(1195,'TERMINAL ENCAIXE FEMEA MARILIA',NULL,0.25),(1196,'TERMINAL ENCAIXE MACHO MARILIA',NULL,0.25),(1197,'TERMINAL FURO MEDIO MARILIA',NULL,0.3),(1198,'TERMINAL FURO GRANDE MARILIA',NULL,0.25),(1199,'TERMINAL BATERIA PONTEIRA MARILIA',NULL,3),(1200,'MANGUEIRA SUPERIOR GOL MI 97/ JAMAICA','3177 JAMAICA',28),(1201,'MANGUEIRA INFERIOR GOL MI 1.0 97/ JAMAICA','2178 JAMAICA ',70),(1202,'RESERVATORIO RADIADOR GOL MI 99/ GONEL',NULL,30),(1203,'TAMPA RESERVATORIO GOL MI 99/ FLORIO',NULL,14),(1204,'CEBOLÃO RADIADOR VW 94/ MTE S/AR','755 MTE',35),(1205,'CILINDRO RODA CHEVETTE FREINER','FCR1502',30),(1206,'CILINDRO IGNIÇÃO FIAT 147 RI','4011 RI',60),(1207,'ATUADOR EMBREAGEM ZAFIRA GM','9126238 GM',240),(1208,'CABO ACELERADOR PALIO 1.0/1.5 EFRARI','FNM084E',24),(1209,'VALVULA TERMOSTATICA CLIO/PEUGEOT 206 MTE','VT37189 MTE',95),(1210,'BUJÃO CARTER VW LF',NULL,3),(1211,'BUZINA DUPLA CARACOL G10',NULL,30),(1212,'BUZINA PAQUERINHA VTO',NULL,30),(1213,'AMORTECEDOR TRASEIRO FUSCA COFAP',NULL,100),(1214,'BOMBA DAGUA TEMPRA 8V MAXI',NULL,120),(1215,'TRIZETA FORD CORCEL/PAMPA IMA',NULL,35),(1216,'DUREPOXI ',NULL,4),(1217,'TERMINAL DIREÇÃO CORCEL/PAMPA DFB','PD 3864',28),(1218,'TERMINAL DIREÇÃO UNO 92/ TEMPRA TRW','TE2103',28),(1219,'FLEXIVEL DIANTEIRO OPALA NORFLEX','4018 NORFLEX',13),(1220,'CUBO DIANTEIRO MONZA/KADETT VOBER','30401 VOBER',35),(1221,'JOGO EMBUCHAMENTO VERT/HORINZONTAL FUSCA ISBA','SP34 ISBAL',170),(1222,'MANGUEIRA INFERIOR GOL BOLA CHT 3140 JAMAICA','3140 JAMAICA',20),(1223,'SELO BLOCO VW AP NV','51NV',2),(1224,'SELO BLOCO FIAT NV','59NV',2),(1225,'SELO BLOCO GM NV','60NV',2),(1226,'SELO CABEÇOTE GM NV','50NV',1),(1227,'CHAVE SETA UNO 93/C.LIMP DIRETEC','DTC1113',198),(1228,'COMUTADOR IGNIÇÃO PALIO/STRADA FACOBRAS','1167 FACOBRAS',35),(1229,'BIELA MOTOR CORSA GM','93325128 GM',125),(1230,'JOGO JUNTA MOTOR CORSA 1.0 C/RET. BRASMECK',NULL,70),(1231,'BUCHA BALANÇA DIANT. FIESTA 2002/ MB','BFX227',10),(1232,'BOMBA INJEÇÃO WAPSA/BOSCH WP11','WP11 ',120),(1233,'KIT INJEÇÃO GOL MI 8V SCHUCK','SK541',9),(1234,'CILINDRO RODA CORSA VARGA RCCR 01305','RCCR 01305',24),(1235,'CILINDRO RODA DIANTEIRA FUSCA FREINER','RCCR 2157.8',26),(1236,'TENSOR CORREIA DENTADA VW AP INA','1189721 INA',35),(1237,'BUCHA EIXO TRAS.MONZA SUSPEX','12017',13),(1238,'TERMINAL DIREÇÃO MONZA/KADETT PERFECT','TDI1011',30),(1239,'BOMBA OLEO GOL MI 1.0 AT VW','030115105P VW',198),(1240,'JOGO PISTÃO ANEL GOL MI 16V AT ML','PEA2409 ML',550),(1241,'BRONZINA BIELA VW MI 1.0 AT ML','BB1035 ML',65),(1242,'BRONZINA MANCAL VW MI 1.O AT ML','BC645 ML',149),(1243,'JUNTA CABEÇOTE TEMPRA BRASMECK','40211 BRASMECK',17),(1244,'BUCHA BALANÇA KADETT DIANT. MB','AS 803',14),(1245,'CONEXÃO RADIADOR POLO SEDAN VW','6Q122291E VW',45),(1246,'MANGUEIRA BOMBA DAGUA VW AP GATES 20015','20015 GATES',8),(1247,'TAMBOR TRASEIRO S10/BLAZER 2.8 5F HIPPER','HF369 HIPPER ',138),(1248,'JOGO SAPATA FREIO S10/BLAZER HIPPER','201702 HIPPER',115),(1249,'KIT JUNTA CABEÇOTE GM 2.0/2.2 SABÓ',NULL,43),(1250,'MANGUEIRA FILTRO AR S.10 DIESEL GM','93282108',88),(1251,'BARRA DIREÇÃO GOL/PARATI AP NAKATA','N1026',65),(1252,'FLEXIVEL DIANTEIRO VW AP NORFLEX','7018 NORFLEX',8),(1253,'AMORTECEDOR DIREÇÃO GOL/VOYAGE COFAP',NULL,45),(1254,'INDUZIDO MOTOR PARTIDA OMEGA/LOGUS/VECTRA AUT','1004011062',120),(1255,'KIT EMBREAGEM AP 1.6 AP VALEO/LUK','619301000',190),(1256,'BENDIX PARTIDA FORD/GM/VW ZEN','0108',24),(1257,'CALÇO MOTOR AP','33009',10),(1258,'INTERRUPTOR VIDRO ELETRICO GOL G4 DUPLO VW ','6Q09598589B9',30),(1259,'CORREIA ALTERNADOR PALIO FIRE 6PK675 GOODYEAR','6PK675',12),(1260,'VELOMOIDE 30X30',NULL,3),(1261,'PASTILHAS FREIO GOL/PASSAT FRASLE','PD 17 ',10),(1262,'SONDA LAMBDA DPL',NULL,80),(1263,'PONTA HOMOCINETICA FORD CORCEL/PAMPA CHT','130106 DFB',95),(1264,'BUCHA BALANÇA CORCEL II/PAMPA MB','MB218',5),(1265,'BUCHA TIRANTE CORCEL II/PAMPA MB',NULL,2),(1266,'BUCHA ESTABILIZADOR CORCEL II/PAMPA MB',NULL,3),(1267,'RETENTOR POLIA/PINHÃO CHEVETTE 1911 SABÓ','1911 SABO',10),(1268,'JUNTA DIFERENCIAL OPALA/CHEVETTE BRANIL',NULL,4),(1269,'BOIA TANQUE F1000 INDERBRAS',NULL,85),(1270,'REGULADOR VOLTAGEM FORD F1000 GAUSS','RWA T2',45),(1271,'INTERRUPTOR OLEO S10 DIESEL GM 93342424','93342424 GM',58),(1272,'ALAVANCA MARCHA VW AP 5M KIT CIA 40427','40427 KITCIA',50),(1273,'BRONZINA MANCAL CHEVETTE BC545 ML','BC545 ML',50),(1274,'RETENTOR VOLANTE CHEVETTE SABO','1856 SABO',25),(1275,'JOGO VELAS CORSA FLEX GM','93363296 GM',45),(1276,'POLIA GERADOR VW AR UNIFAP','3301 UNIFAP',15),(1277,'PASTILHA DE FREIO DO PALIO  PD60','ECO1063',25),(1278,'BUCHA BALANÇA TRASEIRA FIAT','50007 BORAUTO',4),(1279,'COXIM MOTOR UNO /86 MB','50082 BORAUTO',20),(1280,'BRONZINA BIELA RENAULT R19 FM',NULL,120),(1281,'BRONZINA MANCAL RENAULT R19 FM',NULL,90),(1282,'SENSOR TEMPERATURA INJEÇÃO GOL MI 1.0 MTE4034','MTE4034',24),(1283,'CARCAÇA CHAVE SETA CORSA GM','93266405 GM',78),(1284,'AMORTECEDOR TRASEIRO PAMPA/DT TOYOTA COFAP','L12915 COFAP',160),(1285,'MANGUEIRA BOMBA DAGUA PAMPA AP C/RABICHO JM','7431 JAMAICA',28),(1286,'BRAÇO SUSPENSÃO UNO C/PIVO NAPA','FI217NP',50),(1287,'COIFA CAMBIO FORD CORCEL/PAMPA MB',NULL,6),(1288,'COIFA RODA FORD CORCEL/PAMPA MB',NULL,5),(1289,'ANTI CHAMA CHT DOFAB','20087 BORAUTO',5),(1290,'PONTA HOMOCINETICA GOLF JHC01111 COFAP','JHC01111 COFAP',120),(1291,'TERMINAL DIREÇÃO GOLF 98/ VIEMAR','335116',45),(1292,'CEBOLINHA OLEO VW AP FILTRO 3RHO','3371 3RHO',16),(1293,'RETENTOR POLIA FIAT 2006 ORION','2006 SABÓ',12),(1294,'MANGUEIRA SUSPIRO PALIO JAMAICA','60051 JAMAICA',20),(1295,'AUTOMATICO MOTOR PARTIDA CORCEL I /P.MALA','ZM567',70),(1296,'KIT EMBREAGEM FIESTA/KA C/ATUADOR LUK','618226333 LUK',430),(1297,'RESERVATORIO AGUA RADIADOR FIESTA/KA GONEL','G1109 GONEL',33),(1298,'JOGO CABOS VELAS FIESTA/KA 1.0 ENDURA SCF01','SCF01',47),(1299,'ANTI CHAMA FIESTA/KA DOFAB',NULL,15),(1300,'TENSOR GUIA GOL 16V INA','F227244 INA',58),(1301,'ATUADOR MARCHA LENTA VW/FIAT VDO','ATU05150R VDO',50),(1302,'PONTA HOMOCINÉTICA ESCT/VER/LOG/POINTER1.8STO','JHS202006',100),(1303,'PIVO FORD KA/FIESTA/COURIER DFB','120366 DFB',30),(1304,'KIT EMBREAGEM FOX 1.6 LUK',NULL,356),(1305,'PASTILHAS FREIO FOX 1.6 HIPPER','PD73 HIPPER',78),(1306,'FILTRO AR GOL/FOX 1.6 ARL6096','ARL6096 ',16),(1307,'BOIA CARBURADOR W/SIMPLES FIAT/MONZA WEBER','40388602 WEBER',10),(1308,'SHELL HELIX 5W40 ',NULL,40),(1309,'KIT EMBREAGEM FIAT 1.0/1.3 VALEO','618301100',198),(1310,'REPARO PINÇA CHEVETTE CGF','0199 CGF',10),(1311,'BENDIX MOTOR PARTIDA VW LUCAS',NULL,68),(1312,'ATUADOR MARCHA LENTA CORSA EFI VDO','AT59524',75),(1313,'JOGO VELAS BKR6EZ NGK','BKR6EZ',48),(1314,'KIT MOTOR VW 1300 SUK1083 METAL','SUK1083 METAL',460),(1315,'AUTOMATICO M/PARTIDA FUSCA/KOMBI ZM','ZM573',70),(1316,'MANGUEIRA LIMPADOR P/BRISA 4MM IMPACTO','8300043 IMPACT',2),(1317,'AMORTECEDOR TRASEIRO OMEGA COFAP','B47686 COFAP',160),(1318,'PRATO AMORTECEDOR GOL/94 LF',NULL,10),(1319,'KIT FORRO PORTA IMP.','1000653 IMP',3),(1320,'BOLA ALAVANCA UNIVERSAL IMP.','1002027 IMP',4),(1321,'PRISIONEIRO 8X40 IMP. ','1200091 IMP',2),(1322,'BICO INJETOR CARB. FUSCA/KB/BSB IMP.','8020038 IMP',3),(1323,'GICLER CARBURADOR SOLEX IMP.','8100060 IMP.',3),(1324,'FILTRO CONICO CARBURADOR IMP.','8190044 IMP',3),(1325,'KIT BANCO FIXAR VW AP IMP.','9800281 IMP.',4),(1326,'PASTILHAS FREIO FIAT TEMPRA/FIORINO SYL','PD47 SYL',30),(1327,'CABO EMBREAGEM KOMBI IKS','IKS1314',10),(1328,'KIT AMORTECEDOR GOL/PARATI BOLA SAMPEL','SK4025',10),(1329,'BOBINA IGNIÇÃO GOL MI 1.0 /KOMBI 98/ BOSCH','F000ZSO104',180),(1330,'RETENTOR TRAMBRULADOR FIAT ORION','2008 ORION',18),(1331,'COIFA TRAMBULADOR FIAT BORAUTO','50026 BORAUTO',3),(1332,'JOGO CABOS VELAS SANTANA 97/ STV19 NGK','STV19 NGK',98),(1333,'COXIM AMORTECEDOR KADETT MB','14024 MB',38),(1334,'JOGO ANEIS MONZA 1.8 FASE I COFAP','DA6406 COFAP',110),(1335,'JOGO JUNTA MOTOR MONZA 1.8 FASE I BRASMECK',NULL,40),(1336,'JOGO PISTÃO C/ANEL MONZA 2.0 METAL LEVE',NULL,590),(1337,'JOGO VALVULAS ESCAPE GM 2.0 TRW','VX2059AA TRW',68),(1338,'BRONZINA MANCAL GM 1.8/2.0 METAL','BC272 ML ',85),(1339,'MANGUEIRA SUPERIOR GOL CHT 3111 JAMAICA','3111 JAMAICA',16),(1340,'CANO DAGUA GOL/VOYAGE CHT',NULL,25),(1341,'CAIXA DIREÇÃO CORSA GM',NULL,252),(1342,'CABO EMBREAGEM PAMPA/DELREY 1.8 AP  ','IKS2306',20),(1343,'RETENTOR VALVULAS GM 2509 SABO','2509 SABO',15),(1344,'LAMPADA H3 100W AGUIA AZUL',NULL,18),(1345,'TUBO ALAVANCA MARCHA VECTRA','90465995 GM',55),(1346,'BATERIA 70 AMP HELIAR','HL70ND HELIAR',390),(1347,'AMORTECEDOR DIANTEIRO PALIO COFAP','GP30130 COFAP',398),(1348,'AMORTECEDOR TRASEIRO PALIO WEENKEND 1.6 COFAP','GL12475 COFAP',145),(1349,'DISCO FREIO FIAT FIORINO/PALIO/TEMPRA VARGA R','RCDI01040 ',98),(1350,'CUBO DIANTEIRO PALIO 31420 VOBER','31420 VOBER',38),(1351,'AMORTECEDOR  PORTA MALA MERVA  ','456321',40),(1352,'INTERRUPTOR RE GOL BOLA VW 97/ MARFLEX 7540','7540 MARFLEX',10),(1353,'BUCHA BALANÇA SUP/CVT/MOBENSANI','11003',4),(1354,'BUCHA INF.CVT/MAR/MOBENSANI','11002',6),(1355,'COXIM MOTOR PALIO DT 52025 MB','52025',38),(1356,'BUCHA BRAÇO AUXILIAR OPALA AXIOS','1520110206 AXI',38),(1357,'CABO ACELERADOR GOL CHT /94 IKS1116','IKS1116',15),(1358,'TERMINAL DIR. CORSA DHB 14MM VIEMAR 335074','335074 VIEMAR',30),(1359,'ROLAMENTO PINHÃO CORCEL/PAMPA 5M INA ROLETE','F45504.2',148),(1360,'CORREIA ALTERNADOR GOLF ','6PK1030',25),(1361,'CILINDRO MESTRE UNO 91/ ATE','5766 ATE',90),(1362,'PALHETA TRASEIRA PALIO UNY','80200 UNY',30),(1363,'JOGO CABOS VELAS KOMBI STV13 NGK','STV13',70),(1364,'COIFA RODA VECTRA 97/ GM','93247194 GM',20),(1365,'PASTILHAS FREIO CORSA AC DELCO PD42','PD42 AC DELCO',35),(1366,'SENSOR NIVEL FIAT UNO 99/2003 TSA 010004','TSA010004',75),(1367,'JUNTA CARTER CHEVETTE BRANIL',NULL,6),(1368,'JUNTA CARTER AP.SABÓ',NULL,9),(1369,'CUBO TRASEIRO VECTRA 4 FUROS IMA','AL114 IMA',188),(1370,'CABO VELOCIMETRO PALIO EFRARI','FNM083F',17),(1371,'VÁLVULA TERMOSTATICA UNO MAXI','MVT7005.82',25),(1372,'CORREIA ALTERNADOR CORSA S/ACD ','6PK1460 ',28),(1373,'HIDROVACUO KADETT VARGA','RCSF00611',160),(1374,'JUNTA DESLIZANTE CAMBIO MONZA/KADETT MEGA','MG1230 MEGA',120),(1375,'CABO ACELERADOR ESCORT 86/ EFRARI','FE312 ',20),(1376,'CANO ATUADOR HIDRAULICO GM 90522684','90522684 GM',120),(1377,'BOMBA DAGUA MONZA/KADETT MAXX','MBA 2082',75),(1378,'SENSOR TEMPERATURA GM MTE 3029','3029 MTE',15),(1379,'CILINDRO MESTRE UNO /96 ATE',NULL,70),(1380,'AMORTECEDOR TRASEIRO CHEVETTE COFAP','SB27017 COFAP',130),(1381,'CAPSULA VACUO FIAT UNO DC',NULL,60),(1382,'PONTA HOMOCINETICA TIPO 1.6 STOCK','MG1140 ',120),(1383,'CABO VELOCIMETRO ESCORT EFRARI','FE323',12),(1384,'ROLAMENTO DIANTEIRO TEMPRA/MAREA GIRO','579794 GIRO',45),(1385,'TENSOR CORREIA ALT.GOL GR 1152 NYTRON','1152 NYTRON',30),(1386,'TENSOR CORREIA ALT.GOL MI PQ 1114 NYTRON','1114 NYTRON',30),(1387,'SENSOR TEMPERATURA INJEÇÃO GOL/FOX/POLO ','059919501A',90),(1388,'JOGO CABOS VELAS UNO INJEÇÃO OLIMPIC','11058 OLIMPIC',40),(1389,'BUCHA BALANÇA PALIO C/BARRA SUSPEX','AC369 SUSPEX',30),(1390,'JUNTA DESLIZANTE ESCORT MEGA','MG1000 MEGA',170),(1391,'ANTI CHAMA CHEVETTE/OPALA GM','94602653 GM',35),(1392,'KIT EMBREAGEM GOLF/AUDI 99/ 1.8/1.6 AKL SACHS','6524 SACHS',515),(1393,'FILTRO COMBUSTIVEL S10 2.8 FRAM P5328','P5328 FRAM',35),(1394,'FILTRO OLEO S10 2.8 PH9503 FRAM','PH9503 FRAM',38),(1395,'DISCO FREIO S10 5 FUROS VARGA','RCDI00890 VARG',160),(1396,'OLEO MOTOR DIESEL URSA',NULL,13),(1397,'CHAVE RODA TIPO L BOSAL',NULL,13),(1398,'AUTOMATICO S10 ZM 698 ','ZM 698 ',90),(1399,'CILINDRO IGNIÇÃO VECTRA/OMEGA MORCEGO','MM9030',40),(1400,'CILINDRO IGNIÇÃO ESCORT/APOLLO VALEO','FO3162',70),(1401,'HIDROVACUO KOMBI VARGA','RCSF00689',140),(1402,'JOGO JUNTA MOTOR PALIO C/RET SABO','80271 SABO',120),(1403,'JOGO ANEIS PALIO 1.0 COFAP','SDD6983 COFAP',90),(1404,'KIT INJEÇÃO PALIO SCHUCK','SK524 SCHUCK',10),(1405,'BARRA AXIAL CORSA DHB VIEMAR','680012 VIEMAR',28),(1406,'CEBOLINHA OLEO MONZA 3 SAIDAS MARFLEX','7275 MARFLEX',20),(1407,'BICO INJETOR TLDZ LF',NULL,8),(1408,'BASE CARBURADOR 2E LF','BASE 2E',35),(1409,'JOGO PISTÃO VECTRA 2.2 METAL LEVE','PEA2070 ML',680),(1410,'JUNTA CABEÇOTE GM 2.2 SABO','82231 SABO',25),(1411,'RETENTOR VOLANTE GM 2600 SABO','2600 SABO',26),(1412,'KIT EMBREAGEM VECTRA 2.2 C/ATUADOR LUK','623242609 LUK',680),(1413,'FITA SEM COLA LF',NULL,5),(1414,'CABO EMBREAGEM UNO/FIORINO 95/','8197 FANIA',25),(1415,'BARRA AXIAL LOGUS/POINTER VIEMAR',NULL,45),(1416,'PIVO LOGUS/POINTER DFB',NULL,35),(1417,'SENSOR NIVEL GOL GIV GOL NOVO BOSCH','1587410791 BOS',70),(1418,'JOGO VELAS GOLF 2.0 NGK','STV26 ',84),(1419,'CEBOLINHA OLEO GM 96/ OLIMPIC','13023 OLIMPIC',10),(1420,'JOGO MOLAS DIANTEIRA PAMPA CINDUMEL',NULL,170),(1421,'KIT EMBREAGEM UNO/PALIO/FIORINO 1.6 LUK','619300900 LUK',290),(1422,'JOGO CABOS VELAS FIAT FIRE 8V NGK','SCT06 NGK',66),(1423,'ACENDEDOR CIGARRO UNIVERSAL ','SUNCCL04',20),(1424,'INTERRUPTOR FREIO GOL NOVO VW','7L6945511 VW',58),(1425,'CONJUNTO CIL.MESTRE E HID.OPALA VARGA','RCMS00270 ',258),(1426,'REPARO PINÇA OPALA CGF','0197A CGF',12),(1427,'SENSOR DE NIVEL PALIO ORIGINAL','51807830 FIAT',240),(1428,'BALANÇA CORC/D.REY/PAMPA INF.COFAP','BJC08044',80),(1429,'VEDADOR TAMPA VALVULA VW AP BRANIL ','46935 JL',3),(1430,'CABO EMBREAGEM LOGUS/POINTER EFRARI','EF714 EFRARI',23),(1431,'SENSOR NIVEL CORSA CLASSIC /CELTA FLEX ','TSA010141',80),(1432,'RETENTOR RODA TRASEIRA FORD 1832 SABO','1832 SABO',6),(1433,'PASTILHAS FREIO LOGAN/CLIO PD338','PD338',50),(1434,'BATERIA MOURA 48 AMPER','MI48FD',230),(1435,'JOGO ANEIS FORD KA ENDURA',NULL,108),(1436,'JG JUNTAS FORD KA ENDURA',NULL,146),(1437,'JOGO CABOS DE VELA FOX/POLO ','STV-25',108),(1438,'JOGO VELAS FOX/POLO/GOLF ','ZFR7PG',50),(1439,'COXIM DA TRANSMISSAO FOX/POLO H.GETOFLEX','6Q0.199.555AD',135),(1440,'BATERIA 90 AMPERIES CRAL ','CRAL 90AMP',310),(1441,'CABO VELOCIMETRO GOL /87',NULL,12),(1442,'PIÃO DO VELOCIMETRO GOL /87',NULL,6),(1443,'SENSOR INJEÇÃO GOL POWER/VW','045906433A',280),(1444,'COXIM CAMBIO UNO /90 MOB.','550083',30),(1445,'COXIM AMORTECEDOR UNO MB','50088',12),(1446,'BUCHA BRAÇO UNO AÇO MB','50142 MB',5),(1447,'COXIM MOTOR UNO 86/ MB','50084 MB',17),(1448,'COMUTADOR IGNIÇÃO MONZA FACOBRAS','1102 FACOBRAS',20),(1449,'PIVO SUSPENSÃO FUSCA DFB','PVS1013',24),(1450,'CABO FREIO MAÕ KOMBI 82/ EFRARI','EF731D',16),(1451,'AMORTECEDOR TRASEIRO UNO COFAP COMPLETO','MP32226 COFAP',260),(1452,'FEIXE MOLA FIAT UNO COFAP','FCFT14FX',150),(1453,'DISCO FREIO FIAT UNO/PALIO SOLIDO HIPPER','HF31 HIPPER',40),(1454,'KIT AMORTECEDOR DIANT.UNO MB',NULL,20),(1455,'COXIM AMORTECEDOR TRASEIRO UNO MB','50145 BORAUTO',10),(1456,'CILINDRO RODA MONZA FREINER','FCR15026',28),(1457,'AMORTECEDOR DIANT.PALIO/STRADA COFAP','GP32348',380),(1458,'AMORTECEDOR TRASEIRO PALIO COFAP','GBL1119',198),(1459,'KIT AMORTECEDOR DIANTEIRO PALIO MB',NULL,22),(1460,'TAMPÃO VALVULA TERMOST.GOL MI 1.0 AT','ST91535',6),(1461,'CILINDRO MESTRE PALIO/98.ATE','005723',90),(1462,'AMORTECEDOR TRASEIRO ESCORT /92 COFAP',NULL,280),(1463,'KIT AMORTECEDOR TRASEIRO ESCORT/92 MB',NULL,22),(1464,'FILTRO AR TIPO 1.6 METAL','CA5495',15),(1465,'JOGO LONAS FREIO MONZA/KADETT 94/FRASLE ','CB41 FRASLE',12),(1466,'ROLAMENTO DIANTEIRO GOLF/POLO GIRO','311443 GIRO',40),(1467,'TERMINAL DIREÇÃO VECTRA /96 PERFECT','TDI1055',29),(1468,'BIELETA VECTRA 94/ ASTRA 95/ VIC METAL','VIC10204 ',18),(1469,'BALANÇA VECTRA/96 IRB',NULL,130),(1470,'KIT EMBREAGEM ESCORT CHT 1.6 /92','650796 VALEO',290),(1471,'JOGO MEIA LUA VW AP/AT AE100 ML','AE100 ML',15),(1472,'KIT MOTOR FORD 1.6 SUK1052 METAL','SUK1052 METAL',426),(1473,'COIFA CAMBIO UNO 84/90 C/RETENTOR KITS BOR',NULL,12),(1474,'PIVO INFERIOR OPALA DRIVEWAY','JE1722',30),(1475,'PIVO SUPERIOR OPALA DRIVEWAY','JE1270',30),(1476,'BUCHA BALANÇA INFERIOR OPALA  BORFLEX','BFX352',7),(1477,'BIELETA OPALA MB','10084 BORAUTO',6),(1478,'BUCHA TIRANTE OPALA 80/ MB','BFX319',7),(1479,'BUCHA ESTABILIZADOR OPALA MB','10079 BORAUTO',3),(1480,'BUCHA BALANÇA TRAS. OPALA MB','10021 BORAUTO',14),(1481,'JOGO RETENTOR VALVULAS GOL CHT SABO','2919 SABO',30),(1482,'JOGO ANEIS GOL CHT 1.6 COFAP','SNA6973 COFAP',125),(1483,'JOGO JUNTA MOTOR GOL CHT BRASMECK',NULL,40),(1484,'MANGUEIRA SUPERIOR MONZA IPAB','5808 IPAB',10),(1485,'JOGO PISTÃO C/ANEL GM 1.8 METAL LEVE','PEA1615 ML',550),(1486,'JUNTA CABEÇOTE MEGANE/SCENIC 1600 4CIL. SPAAL','14201SC',45),(1487,'CUBO DIANTEIRO ECOSPORT VOBER',NULL,58),(1488,'ROLAMENTO DIANTEIRO ECOSPORT SKF',NULL,48),(1489,'TERMINAL DIREÇÃO ECOSPORT TRW',NULL,35),(1490,'BRONZINA BIELA FIAT FIRE ML','BB344 ML',80),(1491,'BRONZINA MANCAL FIAT FIRE ML','BC549 ML',110),(1492,'BOMBA OLEO FIAT FIRE 8 V SCHADEK','10188 SCHADEK',238),(1493,'JOGO JUNTA MOTOR FIAT FIRE 8V BRANIL','BFI2301 BRANIL',58),(1494,'JOGO ANEIS FIAT FIRE COFAP','STD7508 COFAP',120),(1495,'CORREIA DENTADA FIAT FIRE 8V CONTINENTAL','CT1049 CONTIN',48),(1496,'CARTER FIAT FIRE 8V DHF','6216 DHF',40),(1497,'RETENTOR DIFERENCIAL TEMPRA SABO','7139 SABO',62),(1498,'RETENTOR VOLANTE TEMPRA SABO','5245 SABO',45),(1499,'JOGO SAPATAS FREIO TEMPRA FRASLE','FI91 FRASLE',65),(1500,'BATERIA CRAL 45 AMPERIES ','CP45VD',130),(1501,'BARRA AXIAL CHEVETTE ','BA9010',28),(1502,'COIFA CAIXA DIREÇÃO CVT',NULL,4),(1503,'OLEO CAMBIO 75W85 SINTETICO GM','94728699 GM',130),(1504,'RETENTOR LATERAL CAMBIO GM ','24211013 GM',20),(1505,'REGULADOR VOLTAGEM FORD FIESTA/KA GAUSS 523','GA523 GAUSS',48),(1506,'ROTOR DISTRIBUIDOR CORSA LUCAS MARFLEX','RR513882',15),(1507,'CHAPA DEFLETORA VW AR DECAR','00285 DECAR',5),(1508,'BOMBA COMBUSTIVEL MONZA EFI DPL ','DPL180101',130),(1509,'PESCADOR BOMBA OLEO GM FASE II','90466323 GM',195),(1510,'BUCHA BRAÇO OSCILANTE ESCORT MB','21005 MB',2),(1511,'JOGO VELAS FOX FLEX NGK',NULL,58),(1512,'JOGO VELAS GOL/FOX 1.6 FLEX NGK','BKR7ESB NGK',58),(1513,'JUNTA CABEÇOTE OPALA 4CC BRASMECK','20075 BRASMECK',14),(1514,'JUNTA COLETOR OPALA OPALA 4CC BRASMECK','20081 BRASMECK',8),(1515,'PASTILHAS FREIO FOX 1.6 COBREQ','N262 COBREQ',80),(1516,'CILINDRO MESTRE FUSCA SIMPLES VARGA','RCCM23314',48),(1517,'KIT JUNTA CABEÇOTE FORD CHT BRASMECK',NULL,30),(1518,'BRONZINA MANCAL OPALA 4CC FEDERAL ','4123 FM',55),(1519,'JOGO JUNTA MOTOR OPALA 4CC BRASMECK','20516 BRASMECK',45),(1520,'KIT DE EMBREAGEM AP 1.8/2.0 LUK','621300300',230),(1521,'CUBO TRASEIRO PALIO/TEMPRA VOBER','31040420 VOBER',65),(1522,'ROLAMENTO DIANTEIRO CORSA CELTA SKF','BAHB636114B',56),(1523,'SENSOR TEMPERATURA FORD ZETEC MTE','4067 MTE',44),(1524,'JUNTA DESLIZANTE L/CAMBIO CORSA 28DENTES SPIC','356509 SPICER',110),(1525,'VALVULA TERMOSTATICA FORD ZETEC 1.0 MTE',NULL,74),(1526,'BRONZINA DE BIELA FIAT 1500 NACIONAL','SBB407',24),(1527,'BRONZINA DE MANCAL FIAT 1500 NACINAL ','SBC407',29),(1528,'JOGO ANEIS FIAT 1500 NACIONAL ','SDD6983',100),(1529,'BORRACHA DO ANTI CHAMA AP ','223366',3),(1530,'RADIADOR AGUA CORSA VISCONDE','RV12216',95),(1531,'FILTRO OLEO L200 TEC FIL','PSL327',35),(1532,'KIT MOTOR GOL CHT 1.0/FORD CHT 1.0 METAL','SUK2092 METAL',650),(1533,'KIT EMBREAGEM MONZA/VECTRA/ASTRA 92/','622208600',327),(1534,'OLEO MOTOR DIESEL ACDELCO 15W40','93318762 DELCO',15),(1535,'ALAVANCA SELETORA CAMBIO CELTA GM',NULL,118),(1536,'PONTA HOMOCINETICA FIAT UNO STOCK AIG',NULL,80),(1537,'AMORTECEDOR TRASEIRO UNO COMPLETO COFAP',NULL,250),(1538,'KIT AMORTECEDOR DIANT/TRASEIRO UNO MB',NULL,70),(1539,'JOGO PISTÃO GOL POWER 1.0 16V PEA9132 ML','PEA9132 ML',660),(1540,'JOGO JUNTA MOTOR VW AT 1.O 16V POWER',NULL,198),(1541,'ROLAMENTO EIXO PILOTO VW AT INA',NULL,10),(1542,'RESERVATORIO AGUA RADIADOR PALIO GONEL','G1002 GONEL',27),(1543,'TAMPA RESERVATORIO RADIADOR FIAT FLORIO','MF31 FLORIO',7),(1544,'ROTOR DISTRIBUIDOR OMEGA 2.0 GM','90540398 GM',140),(1545,'TAMPA DISTRIBUIDOR OMEGA 2.0 GM','90376981 GM',346),(1546,'ROLAMENTO PINHÃO DIANT.FORD COURRIER INA',NULL,120),(1547,'BARRA AXIAL FORD PAMPA/CORCEL SHIMEC','SH0068',30),(1548,'ROLAMENTO PINHÃO TRAS.FORD COURRIER INA',NULL,90),(1549,'JOGO MOLAS CHEVETTE DIANT/TRASEIRO ALLIPETI',NULL,190),(1550,'AMORTECEDOR DIANTEIRO FUSCA COFAP',NULL,110),(1551,'BOMBA OLEO VW AR BROSOL','BO 0705 BROSOL',50),(1552,'TAMPA CARTER VW AR LF','60A POLICARTER',8),(1553,'BENDIX MOTOR PARTIDA FIAT HNZ111 ZEN','HNZ111 ZEN',24),(1554,'JOGO CABOS VELAS FORD ZETEC 1.0/1.6 NGK','SCF02 NGK',80),(1555,'COXIM AMORTECEDOR GOL BOLA/SANTANA 97/ BORAUT','33176 BORAUTO',22),(1556,'BATERIA MOURA 60 AMPERES','MI60GD',290),(1557,'COIFA CAMBIO MONZA/KADETT KITSBOR','0012 KITSBOR',5),(1558,'PARAFUSO RODA VW ITAP','5003 ITAP',2.5),(1559,'CABO EMBREAGEM ESCORT HOBBY FANIA','34245 FANIA',18),(1560,'TRAMBULADOR GOL 5 MARCHA','321654',12),(1561,'ROLAMENTO COLUNA DIREÇÃO PALIO INA','F1105736',10),(1562,'FILTRO AR FORD FIESTA ARL9608','ARL9608',20),(1563,'CAIXA DIREÇÃO CTM.LOGUS/PONT','31059',240),(1564,'LAMPADA H4 SUPER BRANCA H4','8029',30),(1565,'LAMPADA H1 SUPER BRANCA',NULL,18),(1566,'LED SUPER BRANCO',NULL,5),(1567,'SUPER KIT MOTOR METAL LEVE VW','SUK1622',520),(1568,'REGULADOR VOLTAGEM VW GA007 GAUSS','GA007 GAUSS',25),(1569,'KIT EMBREAGEM GOLF 2.0 /98 LUK','621222409 LUK',588),(1570,'SENSOR NIVEL PALIO 99/2000 VP',NULL,75),(1571,'BENDIX MOTOR PARTIDA PALIO/UNO HNZ855','HNZ855',55),(1572,'TAMPA DISTRIBUIDOR 442 PREMIUM OLIMPIC','20442P OLIMPIC',15),(1573,'OLEO CASTROL GTX EXCLUSIVE',NULL,28),(1574,'ANEL COMPENSAÇÃO CAB.VW 1600 40369 KIT CIA','40369 KITCIA',8),(1575,'CILINDRO MESTRE EMB.FIESTA/COURLUK','511000110',170),(1576,'BORRACHA CAIXA DIREÇÃO CHEVETTE BORAUTO','11064 BORAUTO',4),(1577,'RETENTOR RODA TRASEIRA CHEVETTE SABÓ','1849 SABO',10),(1578,'CABO BATERIA','KTRZCA ',13),(1579,'SENSOR NIVEL PEUGEOT 206','T010027 ',73),(1580,'AMORTECEDOR TRASEIRO GOL BOLA COFAP','B47097 COFAP',190),(1581,'KIT EMBREAGEM VW 1600/KOMBI LUK',NULL,198),(1582,'COIFA RODA VW AP SABÓ','78551 SABO',10),(1583,'JOGO MOLAS TRASEIRA SIENA 98/ ALLIPERTI',NULL,114),(1584,'JOGO VALVULAS VW MI 1.0 16V TRW','VX2875/VX2989',128),(1585,'RETENTOR COMANDO VW 1.0 MI  SABÓ','5363 SABÓ',25),(1586,'RETENTOR VALVULAS VW/FIAT FIRE 16V SABÓ','9203 SABÓ',26),(1587,'KIT JUNTA CABEÇOTE GOL MI 16V BRANIL',NULL,68),(1588,'DISCO FREIO GOL SOLIDO VARGA','RPDI00480',35),(1589,'COXIM MOTOR MONZA TRASEIRO ESQ./92 MB','12003 BORAUTO ',30),(1590,'KIT ESTABILIZADOR KOMBI MB','32002 BORAUTO',7),(1591,'CORREIA ALTERNADOR VW MI 1.0 CONTITECH','6PK870 CONTI',17),(1592,'CABO EMBREAGEM CORCEL/PAMPA CHT IKS','IKS2302',13),(1593,'KIT EMBREAGEM LOGUS/VERONA LUK','623306600 LUK',390),(1594,'BOMBA INJEÇÃO DPL UNIVERSAL','DPL471',80),(1595,'ROLAMENTO DIANTEIRO FIAT UNO/PALIO VTO','633967 VTO',35),(1596,'KIT CAIXA DIREÇÃO MONZA/KDT',NULL,10),(1597,'JOGO MOLAS TRASEIRA SANTANA COFAP','MCEVW20 COFAP',135),(1598,'JOGO MOLAS DIANT.CHEVETTE COFAP',NULL,98),(1599,'TAMPA TANQUE KOMBI TC3080','TC3080',22),(1600,'COIFA RODA CORSA KITSBOR','0013KITSBOR',8),(1601,'KIT ESTABILIZADOR CORSA KITSBOR','0261 KITS BOR ',5),(1602,'JOGO DE PISTAO E ANEIS PALIO FIRE 1.0 16V','PA2464',645),(1603,'FILTRO OLEO FRAM PH2801B MWM','PH2801B',28),(1604,'OLEO FREIO DOT5 VARGA','DOT5 VARGA',20),(1605,'RETENTOR TRAMBULADOR GM/FORD 1074 SABO','1074 SABO',12),(1606,'POLIA EIXO VIRABREQUIM GM ZAFIRA/VECTRA GM','24578197 GM',175),(1607,'JOGO CABOS VELAS POLO CLASSIC NGK','STV 20 NGK',70),(1608,'JOGO MOLA DIANTEIRO GOL/VOYAGE COFAP',NULL,90),(1609,'KIT EMBREAGEM GOL MI 8/16V 2001/ SACHS','6566 SACHS',349),(1610,'AUTOMATICO MOTOR PARTIDA ZM860','ZM860',98),(1611,'SENSOR NIVEL FIAT IDEA ',NULL,170),(1612,'CILINDRO RODA TRASEIRO PALIO FREINER','FCR14005',28),(1613,'TENSOR CORREIA DENTADA CORSA GM','9202478 GM',90),(1614,'JOGO JUNTA CARBURADOR CHEVETTE S/SIMPLES SABO','78422 SABÓ',4),(1615,'SENSOR DE NIVEL FIAT IDEA 1.8','7086497',170),(1616,'CABO FREIO MÃO SANTANA IKS','IKS1213',28),(1617,'JOGO VALVULAS ESCAPE CABEÇOTE VW 2.0 TRW',NULL,50),(1618,'CABO EMBREAGEM PALIO FIRE FANIA',NULL,40),(1619,'BOMBA DAGUA PEUGEOT 206 1.O 16V MAXX','MBA2123',106),(1620,'CORREIA DENTADA PEUGEOT 206 1.0 16V CONTINENT','CT1045 CONTINE',70),(1621,'FILTRO OLEO PEUGEOT 206 FRAM','PH5566',15),(1622,'KIT MOTOR VW 1600 INJEÇÃO METAL LEVE','SUK9077',605),(1623,'DISCO EMBREAGEM VW 1600 SACHS','5802 SACHS',75),(1624,'COMANDO VALVULA VW 1600 APLIC','513 APLIC',82),(1625,'JOGO TUCHO VW AR APLIC','580 APLIC',58),(1626,'RADIADOR OLEO VW AR PAIPE','0401170213 VW',130),(1627,'KIT JUNTA INJEÇÃO KOMBI ICEL','12789A',16),(1628,'SENSOR NIVEL MONTANA FLEX TSA','T010097 TSA ',52),(1629,'FILTRO AR CORSA/MONTANA 2002/ FRAM','CA9590 FRAM',15),(1630,'JOGO CABOS VELAS CORSA NGK','SCG 73 NGK',75),(1631,'KIT TBI MONTANA FLEX ICEL','12815 ICEL',10),(1632,'JOGO CABO VELAS GOL MI 8V NGK','STV17',90),(1633,'CAIXA DIREÇÃO GOL TRW','15900157 TRW',250),(1634,'MANGUEIRA SUPERIOR FIAT JAMAICA','10051 JM',10),(1635,'AUTOMATICO PARTIDA GM ZM775','ZM775',85),(1636,'GARFO EMBREAGEM VW/FORD AP',NULL,15),(1637,'KIT GARFO EMBREAGEM VW AP KIT CIA',NULL,14),(1638,'MODULO IGNIÇÃO CORSA GAUSS','GA2912 GAUSS',130),(1639,'JOGO CABOS VELAS PALIO 16V SCT02 NGK','SCT02 NGK',113),(1640,'FILTRO AR FUSCA IMPECA SAR9619','SAR9619',8),(1641,'PARAFUSO CARTER VW/FORD',NULL,4),(1642,'CABO ACELERADOR LOGUS FANIA','34254 FANIA',15),(1643,'SENSOR TEMPERATURA VW MTE3018','3018 MTE',18),(1644,'CORREIA HIDRAULICO CONTITECH','10X775',10),(1645,'KIT AMORTECEDOR DIANTEIRO CORSA/CELTA MB',NULL,30),(1646,'PORTA ESCOVA GM/VW/FIAT/FORD UNIFAP','1118/4 UNIFAP',18),(1647,'PINO PORTA CVT/OPALA','300065D',2),(1648,'POLIA BOMBA DAGUA VW AP CAETES',NULL,30),(1649,'BALANÇA PEUGEOT DIR/ESQ PERFECT',NULL,140),(1650,'COLETOR CARBURADOR VW 1600 PEZINHO LF',NULL,18),(1651,'CALÇO MOLA OPALA/CVT MB','10066 BORAUTO',5),(1652,'CABO0 ACELERADOR S10 2.5 FANIA','30382 FANIA',29),(1653,'AMORTECEDOR DIANTEIRO CORCEL/PAMPA COFAP',NULL,245),(1654,'REGULADOR VOLTAGEM 011 BOSCH','9190087011 BOS',68),(1655,'CABO EMBREAGEM UNO 2002/ FANIA','81131 FANIA',25),(1656,'PASTILHAS FREIO CORSA COBREQ','PD42 COBREQ',38),(1657,'TAMPA VALVULA VW AP DECAR','DC19910',45),(1658,'COMANDO VALVULAS CORSA 1.0 MPFI GM','93272192 GMB',250),(1659,'BOMBA DAGUA OPALA/CARAVAN','MBA2080',90),(1660,'PASTILHA FREIO OPALA/CARAVAN','PD08',20),(1661,'OLEO MOTOR SHELL HX7 10W40','HX7 10W40',35),(1662,'RETENTOR VOLANTE CORSA SABÓ','2702 SABÓ',17),(1663,'ROLAMENTO DIREÇÃO CHEVETTE WZ','5129 W.ZANONI',24),(1664,'KIT PARAFUSOS LATARIA VW AR LF',NULL,4),(1665,'CABO EMBREAGEM KADETT/MONZA 89/98','IKS4305',24),(1666,'ARRUELA ENCOSTO TENSOR UNO FIAT','50008108 FIAT',14),(1667,'BOMBA DAGUA PALIO C/POLIA SKF',NULL,98),(1668,'TENSOR CORREIA ALTERN.PALIO INA','F110672300 INA',45),(1669,'KIT EMBREAGEM OPALA 6CC 90/ SACHS','6283 SACHS',450),(1670,'JUNTA CABEÇOTE FIAT 1.0/PALIO 1.O SABÓ',NULL,22),(1671,'TRIZETA FIAT UNO/FIORINO IMA','AL639 IMA',40),(1672,'FLEXIVEL DIANTEIRO D20 NORFLEX',NULL,25),(1673,'RADIADOR AGUA CORSA/MONT.1.8 S/AR 03/','12577',140),(1674,'RADIADOR AGUA CORSA/MONT.1.8 S/AR VISCONDE','12577V',140),(1675,'KIT EMBREAGEM GOLF 1.8 LUK','6189208 LUK',360),(1676,'PASTILHAS FREIO GOL GV FOX 1.0','PD368 FRASLE',78),(1677,'RADIADOR AGUA UNO VISCONDE','12203 VISCONDE',110),(1678,'POLIA EIXO FRISADA GOL MI 1.0 16V HPTECH','P107 HPTECH',68),(1679,'MANGUEIRA SUSPIRO CORSA 16093 JM','16093 JM',9),(1680,'MANGUEIRA SUSPIRO CARTER CORSA 7147 JM','7147 JAMAICA',5),(1681,'KIT COLETOR ADMISSÃO GOL MI 1.0 BRASMECK','30348/16',12),(1682,'CABO CAPO VW GOL QUADRADO ','IKS1506/A',15),(1683,'CABO VELOCIMETRO VW GOL QUADRADO EFRARI ','EF783A',11),(1684,'BOMBA DAGUA SPRINTER 312 UNIBOMBAS','BD9774 UNIBOMB',120),(1685,'CABO ACELERADOR KOMBI IKS','IKS 1108',3),(1686,'FILTRO AR KOMBI DUPLA IMPECA','SAR9323',9),(1687,'SENSOR NIVEL CELTA/CORSA FLEX TSA','TSA 010141',58),(1688,'CABO ACELERADOR FUSCA/BSB IKS','IKS1102',3),(1689,'SENSOR TEMPERATURA FIAT MTE3041 ','MTE3041',28),(1690,'BIELA MOTOT GM 1.8/2.0/2.2 ORIGINAL',NULL,165),(1691,'JOGO JUNTA MOTOR VECTRA 2.2 SABÓ','80243 SABÓ',140),(1692,'SENSOR ROTAÇÃO MZ/VECTRA GM',NULL,90),(1693,'FLEXIVEL TRASEIRO UNO NORFLEX',NULL,8),(1694,'EIXO VIRABREQUIM CORSA GM','93398969 GM',390),(1695,'FILTRO AR GOL POWER/FOX 1.6 TEC FIL','ARL6095',16),(1696,'ROLAMENTO 6201 VTO','6201 VTO',7),(1697,'MANGUEIRA FILTRO AR/INJEÇÃO FIAT CONTROIL','C9001 CONTROIL',80),(1698,'JOGO MOLAS ESPORTIVAS GOLF/AUDI ALIPERTI','AL-8206',400),(1699,'BOMBA COMBUSTIVEL CORSA/VECTRA/ASTRA COMPLETA','228234055R',140),(1700,'CABO FREIO MÃO PALIO EFRARI','FNM096',34),(1701,'SENSOR NIVEL PALIO FLEX FIAT','7086497 FIAT',174),(1702,'KIT TBI FIAT SHUCK',NULL,7),(1703,'EIXO VIRABREQUIM VW AR LEPE','LR228 LEPE',364),(1704,'CILINDRO IGNIÇÃO FUSCA/BSB MORCEGO','MH0827 MORCEGO',15),(1705,'KIT COMANDO VALVULAS CORSA 1.6 FEDERAL','EC0123 FEDERAL',290),(1706,'PASTILHAS FREIO GOL GV/FOX 1.0 PD368 HIPPER','PD368',60),(1707,'PIVO SUSPENSÃO LOGUS/ESCORT PERFECT','PVI1022',35),(1708,'ALAVANCA MARCHA FORD BELINA/PAMPA KIT CIA','20519 KIT CIA',90),(1709,'AMORTECEDOR DIANT.ESCORT /92 RECOND.','FD0011 CMEP',130),(1710,'BRAÇO SUSPENSÃO ESCORT C/PIVO NAPA',NULL,50),(1711,'KIT ESTABILIZADOR ESCORT/92 MB',NULL,7),(1712,'BARRA AXIAL ESCORT/92 BORTEC',NULL,30),(1713,'TERMINAL DIREÇÃO ESCORT DRIVEWAY','PD2902',30),(1714,'COIFA RODA/CAMBIO ESCORT/92 HOBBY KITSBOR',NULL,6),(1715,'KIT AMORTECEDOR DIANT.ESCORT/92 HOBBY MB',NULL,20),(1716,'JOGO ANEIS GOL MI 1.O AT ','TA7224 COFAP',80),(1717,'SENSOR TEMP.INJEÇÃO VW POWER VERDE MTE','MTE4014',68),(1718,'RESERVATORIO AGUA FIESTA NOVO GONEL','G1114 GONEL',55),(1719,'PONTA HOMOCINETICA VW/85 RECOND.','P1010 MEGA',60),(1720,'COXIM AMORTECEDOR FORD KA/FIESTA MB',NULL,26),(1721,'JOGO JUNTA MOTOR VW AE S/RETENTOR SABÓ',NULL,12),(1722,'RETENTOR VOLANTE VW AR VERM. SABO','1135 SABO',13),(1723,'BALANÇA SUSPENSÃO SANTANA/88 COFAP','BJC01008 COFAP',40),(1724,'JUNTA COLETOR ADM.TEMPRA BRANIL','BFI1507',8),(1725,'JUNTA CAVALETE FIAT TEMPRA BRASMECK',NULL,6),(1726,'PASTILHAS FREIO F350/F4000 SYL','SYL 1222',57),(1727,'MANCAL MOTOR PARTIDA OPALA DELCO ZEN','2610 ZEN',78),(1728,'JOGO CABOS VELAS CHEVETTE SUPRESSIVO MAXI','SCG62 MAXI',28),(1729,'SENSOR NIVEL FIAT UNO VDO','221040031R',48),(1730,'KIT MOLAS FREIO GM LF',NULL,10),(1731,'JUNTA CABEÇOTE OMEGA 3.0 ',NULL,105),(1732,'RETENTOR VALVULA OMEGA 3.0 ',NULL,68),(1733,'CEBOLÃO RADIADOR OMEGA 3.0 ',NULL,68),(1734,'PASTILHAS FREIO OMEGA 3.0','PD40',50),(1735,'KIT TRAMBULADOR CORSA KIT CIA','30114 KIT CIA',15),(1736,'DVD PLAYER FRONTAL C/USB PIONNER','AVHP3208BT',1380),(1737,'JUNTA CABEÇOTE CORSA/CELTA VHC GM',NULL,85),(1738,'JUNTA TAMPA VALVULAS CORSA VHC SABÓ',NULL,18),(1739,'CORREIA ALTERNADOR CORSA/CELTA D.H CONTITECH','5PK960',18),(1740,'SENSOR NIVEL ASTRA 98/ TSA',NULL,50),(1741,'ATUADOR EMBREAGEM PEDAL STILO ','55227937',150),(1742,'KIT EMBREAGEM ESCORT ZETEC 1.8 16V MERCAM','9515 MECARM',440),(1743,'COXIM CAMBIO ESCORT ZETEC 1.8 16V','1501ZAP',70),(1744,'FI9LTRO OLEO ZETEC 1.8 FOCUS/ESCORT TEC FIL','PSL144',16),(1745,'FILTRO AR FORD ZETEC 1.8 16V','ARL9601',13),(1746,'KIT ROLAMENTO TRASEIRO LOGUS/ESCORT 93/ SKF','VKBA 4533',60),(1747,'CILINDRO MESTRE CORCEL II/PAMPA VARGA',NULL,80),(1748,'RETENTOR POLIA FIAT 2005 SABO','2005 SABO',20),(1749,'CILINDRO RODA TRAS. KOMBI 81/ FREINER','FCR120109 ',30),(1750,'TRANCA ANTI FURTO ',NULL,35),(1751,'AMORTECEDOR DIANTEIRO CORSA NOVO ','93303112',300),(1752,'BOMBA COMBUSTIVEL TEMPRA KOBLA','K2180',90),(1753,'JOGO ANEIS CORSA 1.0 COFAP',NULL,90),(1754,'BOBINA IGNIÇÃO GOL MI 1.0 MTE','7959 MTE',120),(1755,'ROLAMENTO 6004 VTO','6004 VTO',10),(1756,'SENSOR NIVEL PALIO FLEX BOSCH','F000TE106J',70),(1757,'BOMBA DAGUA GOLF/AUDI 1.6/2.O SR MAXXI','BD2044 MAXXI',150),(1758,'TENSOR CORREIA DENTADA GOLF 2000/ POLO/AUDI S','VKM11113',145),(1759,'CORREIA DENTADA GOLF 2.0 VW',NULL,70),(1760,'DISCO FREIO OMEGA TRASEIRO HIPPER','HF25D HIPPER',100),(1761,'JOGO SAPATAS OMEGA/ASTRA/VECTRA SYL','201701 SYL',55),(1762,'CABO VELOCIMETRO ESCORT ZETEC IKS','IKS2426',15),(1763,'CHICOTE CABO IGNIÇÃO ELETRONICA RAINHA SETE','ETE7693',14),(1764,'CABO ACELERADOR CORCEL FORD IKS',NULL,15),(1765,'PONTA HOMOCINETICA LOGUS/ESCORT STOCK','JHS2020006',100),(1766,'GARRA JACARE GRANDE LF',NULL,12),(1767,'COMUTADOR CORSA NOVO GM',NULL,60),(1768,'ROLAMENTO DIANTEIRO S.10/F1000/D10/D20 FAG','12649 FAG',35),(1769,'ROLAMENTO DIANTEIRO S.10/OPALA/F1OOO/KOMBI SK','67048 SKF',22),(1770,'JOGO JUNTA MOTOR GOL MI 1.0 16V C/RET. SABÓ',NULL,150),(1771,'CUBO DIANTEIRO S10 4X4 VOBER','30030416 VOBER',270),(1772,'BOBINA IGNIÇÃO BOSCH VW MI AP 2 PINO','F000ZS0105 BOS',98),(1773,'CABO EMBREAGEM FUSCA IKS',NULL,7),(1774,'PASTILHAS FREIO RENAULT CLIO 1.6 SPEED BRAKE','PD338 SPEED',28),(1775,'REPARO PINÇA CHEVETTE CONTROIL','C1490.7',15),(1776,'KIT TAMPA VALVULAS CHEVETTE LF',NULL,3),(1777,'BOMBA DAGUA GOL MI 8V MAXI','MBA2002',90),(1778,'CUBO DIANTEIRO ESCORT /92 HOBBY VOBER',NULL,38),(1779,'BICO INJETOR FIAT TEMPRA/UNO ','IWM5001',250),(1780,'KIT EMBREAGEM FIESTA IMPORTADO EXTRA FLEX','6727224C',150),(1781,'AMORTECEDOR DIANTEIRO FIESTA/2002 CORVEN','34318G CORVEN',280),(1782,'KIT AMORTECEDOR DIANTEIRO FIESTA /2002 MB',NULL,35),(1783,'BOBINA CAMPO MOTOR PARTIDA BOSCH',NULL,45),(1784,'RADIADOR PALIO C/RESERVATORIO VALEO',NULL,175),(1785,'CABO VEALS GOL/ FOX/POLO STV 25 MAXO CABO','STV25 MAXI ',70),(1786,'JOGO ANEIS VW 2.0 MI COFAP','TA7216',250),(1787,'BOMBA DAGUA PALIO 1.6 8V C/ACD MAXX','MBA2033 MAXX',130),(1788,'COXIM CAMBIO FORD FIESTA 97/ SUSPEX AC758','AC758 SUSPEX',95),(1789,'JOGO ANEIS GM 1.8 FASE II COFAP','DA6633 COFAP',130),(1790,'JOGO JUNTA MOTOR GM 1.8 COMPLETO SABÓ ',NULL,110),(1791,'VALVULA TERMOSTATICA GM FASE II MTE','VT221/82',65),(1792,'MANGUEIRA INFERIOR MONZA KADETT JAMAICA','7057 JAMAICA',15),(1793,'LAMPADA H11 PHILIPS','H11 PHILIPS',50),(1794,'CABO LIGAÇÃO MARCHA ESCORT HOBBY IKS','IKS2905',90),(1795,'TRAVA ROSCA ORBIX',NULL,10),(1796,'CAIXA DIREÇÃO CHEVETTE DHB',NULL,280),(1797,'TERMINAL DIREÇÃO CHEVETTE PERFECT','PD3816 DRIVEWA',30),(1798,'BUCHA BALANÇA CHEVETTE MB',NULL,7),(1799,'KIT ROLAMENTO DIANTEIRO GM/VW/FORD GIRO',NULL,24),(1800,'BOMBA COMBUSTIVEL FLEX ','070691',90),(1801,'KIT PENEIRA TBI SHUCK','SK202',5),(1802,'KIT AMORTECEDOR DIANT. GOL BOLA AXIOS',NULL,55),(1803,'MACACO JOELHO ANDORINHA','M148',40),(1804,'TUBO DAGUA VECTRA VALCLEI','VC411 VALCLEI',15),(1805,'VALVULA HIDROVACUO VARGA BICO FINO','RRVA0013.6',15),(1806,'SEMI EIXO GOL MI PERFECT','KJH1401',240),(1807,'BUCHA BALANÇA GOL MB','35004 MB',4),(1808,'COIFA CAMBIO GOL/VW KITS BOR',NULL,5),(1809,'JUNTA CABEÇOTE FORD ENDURA BRASMECK',NULL,15),(1810,'RETENTOR RODA DIANTEIRA VW/GM/FORD SABÓ','00904 SABÓ',5),(1811,'RETENTOR RODA TRASEIRA CVT/OPALA DANA','1899 SABÓ',45),(1812,'JUNTA DIFERENCIAL OPALA/CVT DANA',NULL,5),(1813,'RETENTOR CAMBIO CHEVETTE SAIDA SABÓ','1834 SABÓ',18),(1814,'COXIM CAMBIO CVT/OPALA MB','11019 MB',12),(1815,'BORRACHA BARRA ESTAB. CHEVETTE MB','11014 MB',3),(1816,'JUNTA TAMPA VALVULAS ZETEC 16V SABÓ','11526 SABÓ',15),(1817,'MANGUEIRA BOMBA DAGUA CORSA JM','17026 JM',8),(1818,'KIT JUNTA CABEÇOTE OPALA 4CC BRASMECK','201014 BRASMEC',35),(1819,'BENDIX MOTOR PARTIDA NNZ 745 GM/VW/FORD','HNZ745',50),(1820,'JOGO CABOS VELAS GOL/FOX/POLO STVV25 ','STV25 NGK',125),(1821,'CHAVE SETA CORCEL/BELINA 81/84 DIRETEC','DTC1038',55),(1822,'TENSOR CORREIA ALTERNADOR S.10 4.3 6CIL. GM','12580296 GM',190),(1823,'JUNTA DESLIZANTE VW/FORD','7024PK',60),(1824,'JUNTA HOMOCINÉTICA FORD PAMPA/DEL REY/BELINA ','JHS 202.002',100),(1825,'KIT EMBREAGEM FOX 1.0/1.6 VALEO','228224 VALEO',330),(1826,'BICO INJETOR GOL MI 1.0 16V MAGNETI','50100902',130),(1827,'RESERVATORIO LIMPADOR P/BRISA KADETT GONEL','G1210 GONEL',25),(1828,'BOBINA IGNIÇÃO CORSA/CELTA/PALIO 1.8 DELPHI','CE10001',160),(1829,'CORPO BORBOLETA CORSA/PALIO 1.8 DELPHI',NULL,310),(1830,'BOMBA OLEO OPALA 4/6CC BROSOL','BO0325 BROSOL',98),(1831,'GAXETA MOTOR OPALA SABÓ',NULL,20),(1832,'RETENTOR SAIDA CAMBIO OPALA ORION','1877 SABÓ',10),(1833,'JUNTA CARTER OPALA 4CC BRANIL',NULL,7),(1834,'JUNTA DISTRIBUIÇÃO OPALA 4/6CC BRANIL',NULL,3),(1835,'COXIM AMORTECEDOR DT GOL 97/ AXIOS',NULL,38),(1836,'SEMI EIXO COMPLETO CLIO 1.0 STOCK','206.503 STOCK',310),(1837,'SONDA LAMBDA BOSCH 1 FIO ','0258986501 BOS',98),(1838,'BOMBA INJEÇÃO GOLF/POLO DPL','DPL180087',100),(1839,'TAMBOR FREIO PALIO FREMAX',NULL,60),(1840,'CILINDRO IGNIÇÃO PALIO VALEO','FI6876',130),(1841,'JOGO PISTÃO C/ANEL CORSA 1.6 GM','93237645 GM',395),(1842,'RETENTOR VALVULAS CHEVETTE SABÓ','2400 SABÓ',18),(1843,'FLEXIVEL TRASEIRO VW NORFLEX','7001 NORFLEX',9),(1844,'BATERIA CRAL 105 AMP. CAIXA ALTA','105 CRAL',300),(1845,'BOMBA OLEO GOL MI C/CORRENTE ANROI','AT1305',280),(1846,'KIT VEDAÇÃO CABEÇOTE GOL MI 1.0 8/16 BRAMECK','30348/8 BRASME',12),(1847,'BUCHA SUSPENSÃO DIVERSAS MB','30001 MB',2),(1848,'BORRACHA FACAO 1 PONTO FUSCA MB ','30002 MB',3),(1849,'BUCHA SUSPENSÃO DIVERSAS SAMPEL','30005 MB',5),(1850,'BUCHA SUSPENSÃO DIVERSAS BORFEX','30006 MB',7),(1851,'BUCHA SUSPENSÃO DIVERSAS BORAUTO','30007 MB',9),(1852,'BUCHA SUSPENSÃO DIVERSAS MBS','30009 MB',10),(1853,'TAMPA TANQUE G5007 CLICK','G5007 CLICK',12),(1854,'JUNTA TAMPA VALVULAS VECTRA 2.0/2.2 16V SABÓ','75961 SABÓ',35),(1855,'AMORTECEDOR TRASEIRO CORSA GM','93310409 GM',210),(1856,'ENGRENAGEM VIRABREQUIM GM FASE II GM','90156062 GM',45),(1857,'PALHETA TRASEIRA ASTRA/CORSA/CELTA GM','93383839 GM',28),(1858,'JOGO CABOS VELAS CORSA 1 BICO','SCG66',88),(1859,'ALTERNADOR COMPLETO S10 4.3 V6 DELCO REMY','CS130D DELCO',750),(1860,'KIT ESTABILIZADOR ESCORT/92 KITSBOR','0306 KITS BOR',10),(1861,'CORREIA DENTADA PALIO 1.0 FIASA','CT964',35),(1862,'TENSOR CORREIA DENTADA PALIO/SIENA FIASA','RT6632',35),(1863,'TENSOR ALTERNADOR PALIO/SIENA FIASA','DF9913',30),(1864,'CILINDRO PEDAL EMBREAGEM DOBLO 1.6 FIAT','55196182 FIAT',260),(1865,'KIT TBI GOL CHT SCHUCK','SK506 SCHUCK',10),(1866,'FILTRO COMBUSTIVEL VW GI07/1 TEC FIL','GI07/1 TEC FIL',15),(1867,'LIMPA BICO MIX',NULL,15),(1868,'CABO EMBREAGEM GOL/VOYAGE /87 IKS','IKS1305',20),(1869,'COXIM CARDAN CHEVETTE MB','11026 BORAUTO',6),(1870,'AMORTECEDOR TRASEIRO ASTRA NOVO','93354586 GM',190),(1871,'REGULADOR FREIO TRASEIRO MONZA BENDIX',NULL,25),(1872,'CHAVE SETA FUSCA 93/ OSPINA','042055 OSPINA',98),(1873,'TANQUE COMBUSTIVEL CHEVY/MARAJO IGASA',NULL,314),(1874,'POLIA MOTOR VW AR CAETES',NULL,26),(1875,'BOMBA INJEÇÃO MAGNETI MARELLI','MAM210',110),(1876,'JOGO CABOS VELAS VELAS GM EFI NGK','SCG01 NGK',60),(1877,'KIT TBI GM EFI SCHUCK','SK501 SCHUCK',10),(1878,'BUCHA BRAÇO OSCILANTE UNO MB','50091 BORAUTO',2),(1879,'FILTRO AR FIAT UNO METAL LEVE','LX907 METAL',12),(1880,'FILTRO AR FIAT 147/UNO IMPECA','SAR3606',10),(1881,'FILTRO AR UNO TUBO IMPECA','SAR3616',25),(1882,'SENSOR ROTAÇÃO FIRE 8V DPL','DPL508124',70),(1883,'BOBINA IMPULSORA GM EFI DELPHI','PRD00166',48),(1884,'BRONZINA BIELA OPALA 6CC','SBB185ML',38),(1885,'BRONZINA MANCAL OPALA 6CC ML','SBC183 ML',75),(1886,'JOGO ANEIS OPALA 6CC COFAP','CA0514 COFAP',240),(1887,'JOGO JUNTA MOTOR OPALA 6CC SABO','10706EFPSG',100),(1888,'CABO FREIO MÃO GOL BOLA IKS','IKS1223',40),(1889,'BOBINA IGNIÇÃO GM EFI DELPHI','CE10509',70),(1890,'PASTILHAS FREIO PEUGEOT HIPPER','PD435',60),(1891,'MANGUEIRA SUSPIRO GOL MI 1.0 ORIGINAL',NULL,60),(1892,'JOGO MOLAS ESPORTIVAS HONDA CIVIC 07/ ALIPETI','AL8401',460),(1893,'BOMBA COMBUSTIVEL OPALA KOBLA',NULL,55),(1894,'BALANÇA TRASEIRA UNO COFAP','BJCO3017',75),(1895,'JOGO CABOS GOL CHT STV03','STV03 NGK',65),(1896,'LAMPADA DIMOND VISION PHILLIPS KIT','12972DVDI',190),(1897,'JOGO VALVULAS CABEÇOTE UNO 1.5 ARGENTINO',NULL,100),(1898,'KIT JUNTA CABEÇOTE UNO 1.5 ARG. BRASMECK',NULL,35),(1899,'TERMINAL DIREÇÃO ASTRA/VECTRA/ZAFIRA PERFECT','TDI1059',35),(1900,'COXIM MOTOR/CAMBIO CORSA MB','17050 BORAUTO ',38),(1901,'JOGO LONAS CORSA FRASLE CB49','CB49 FRASLE',12),(1902,'SUPORTE TIRANTE CORSA 99/ BORAUTO L.D/L.E','17080 BORAUTO',48),(1903,'COXIM AMORT. DIANTEIRO CORSA MB','17048 BORAUTO ',14),(1904,'BATENTE AMORT.DIANT. CORSA MB','17030 BORAUTO',5),(1905,'HIDROVACUO S10 GM',NULL,340),(1906,'CABO FREIO MAO GOL QUADRADO CHT','IKS1215',26),(1907,'PASTILHAS FREIO VECTRA PD52 HIPPER','PD52 HIPPER',50),(1908,'BICO INJETOR PALIO 1.8 MAGNETTI','50102702',148),(1909,'KIT AMORTECEDOR DIANT.FORD KA MB',NULL,90),(1910,'KIT AMORTECEDOR TRAS.FORD KA MB',NULL,76),(1911,'BALANÇA SUSPENSÃO FORD FIESTA/KA PERFECT','BDJ9742',150),(1912,'BUCHA TRASEIRA FORD KA MB',NULL,14),(1913,'RETENTOR TRAMBULADOR FORD SABÓ','2420 SABÓ',24),(1914,'CILINDRO RODA TRASEIRA FORD ESCORT/FIESTA VAR','RCCR01910 VARG',30),(1915,'BOMBA DAGUA CORSA/PALIO 1.8 MAXX',NULL,95),(1916,'VALVULA TERMOSTATICA CORSA MAXX',NULL,35),(1917,'MANGUEIRA FILTRO AR PALIO FIRE 8V CONTROIL','C9003 CONTROIL',85),(1918,'CD PLAYER C/USB CARTÃO SD PIONEER','DEH5280SD',650),(1919,'PONTA HOMOCINETICA MAREA PERFECT','KJH0226 PERFEC',150),(1920,'LIAME TRAMBULADOR CORSA COMPLETO DEFABRI','DF9932',30),(1921,'TENSOR CORREIA ALTERNADOR GOL TURBO NYTRON',NULL,35),(1922,'JUNTA CARTER MONZA BORRACHA',NULL,16),(1923,'COMANDO VALVULAS OPALA 4CC APLIC',NULL,185),(1924,'JOGO CABOS VELAS OPALA 4CC BOSCH',NULL,44),(1925,'TAMPA DISTRIBUIDOR 056 BOSCH VW/GM/FIAT/FORD','9231086056 BOS',25),(1926,'JOGO PISTÃO GM 2.0 INJEÇÃO 0,50 GM','93231362 GM',570),(1927,'JOGO CABOS VELAS VECTRA /94 MAXXI','SCG69 MAXXI',55),(1928,'JUNTA TAMPA VALVULA GOL MI 10 8V SABÓ','75028 SABÓ',28),(1929,'BUCHA BALANÇA FOX/POLO/G5 TRAS. AXIOS','0111538 AXIOS',25),(1930,'BALANÇA SUPERIOR CHEVETTE TREMAG',NULL,65),(1931,'FLEXIVEL DIANTEIRO MONZA KADETT 88/ NORFLEX','4012 NORFLEX',14),(1932,'DEFLETOR TAMPA VALVULAS VW AP DOFAB','1583 DOFAB',10),(1933,'PORTA ESCOVA M/PARTIDA VALEO','1171/4',40),(1934,'COMUTADOR IGNIÇÃO VW KOSTAL','4829816 KOSTAL',20),(1935,'KIT AMORTECEDOR DIANTEIRO KADETT MB',NULL,10),(1936,'EMBREAGEM DISTRIBUIDOR GOL MI 1.0 AJE','087091 AJE',7),(1937,'SENSOR VELOCIDADE S10 GM','12215001 GM',198),(1938,'JOGO CABOS VELAS VECTRA 16V NGK','SCG78',110),(1939,'CABO EMBREAGEM OMEGA IKS','4319 IKS',35),(1940,'COXIM MOTOR VW AP MB',NULL,12),(1941,'COXIM FRONTAL VW AP MB',NULL,3),(1942,'SENSOR POSIÇÃO BORBOLETA GOL 1.0 MI','324003217R',45),(1943,'PIVO FOX PERFECT','PVI1042/43 PF',40),(1944,'COMUTADOR IGNIÇÃO CHEVETTE FACOBRAS','FD19 FACOBRAS',25),(1945,'ABRAÇADEIRA PLASTICA LF',NULL,0.5),(1946,'SENSOR NIVEL GOL GII TSA','TS010011',48),(1947,'ROLAMENTO DIANTEIRO TIPO GIRO','40714 GIRO',55),(1948,'SENSOR DE NIVEL PEUGEOT 206 FLEX','F000TE137T',65),(1949,'SENSOR DE NIVEL GOL FLEX ','F000TE150K',65),(1950,'SENSOR NIVEL DOBLO 1.8','F000TE110A',65),(1951,'CABO EMBREAGEM KOMBI NOVA ','IKS1320',10),(1952,'BOMBA OLEO VW POLO/ESCORT 1.8','10122 SCHADEK',118),(1953,'JOGO TUCHO VW AP/VW MI 1.0 INA','B4651672 INA',180),(1954,'KIT EMBREAGEM GOL MI 1.0 LUK','618216800 LUK',190),(1955,'REGULADOR VOLTAGEM GA121 PALIO GAUSS','GA121 GAUSS',85),(1956,'JOGO PISTÃO C/ANEL PALIO 1.0 ML',NULL,380),(1957,'REPARO PINÇA VW /94 ATE','5833 ATE',10),(1958,'RELÉ INJEÇÃO ELETRONICA PALIO DNI8146','DNI8146',100),(1959,'COXIM MOTOR MONTANA GM 93302287','93302287 GM',75),(1960,'KIT EMBREAGEM PALIO/BRAVA 1.6 16V LUK','620302900 LUK',320),(1961,'SENSOR VELOCIDADE FORD ESCORT/FIESTA MAXAUTO','5121 MAXAUTO',88),(1962,'KIT JUNTA CARBURADOR BROSOL COMP.JP','500130/3 JP',16),(1963,'PONTA HOMOCINETICA MONTANA/CORSA NOVO/MERIVA ','',160),(1964,'PINHÃO DISTRIBUIDOR FORD APLIC','134 APLIC',15),(1965,'MOTOR ARREFECIMENTO VW BOSCH','9130451141 BOS',210),(1966,'DISCO FREIO ASTRA HIPPER',NULL,120),(1967,'PIVO ASTRA NOVO PERFECT','',30),(1968,'SENSOR ROTAÇÃO CORSA MTE','324003001R',68),(1969,'COXIM AMORT.DIANT.TIPO 1.6 BORAUTO','953021/22 BORA',80),(1970,'ROLAMENTO AMORTECEDOR TIPO/TEMPRA MB','953029 MB',50),(1971,'KIT AMORTECEDOR DIANT.TIPO/TEMPRA','',12),(1972,'TERMINAL DIREÇÃO TIPO PERFECT','',30),(1973,'BARRA AXIAL TIPO PERFECT','',35),(1974,'BICO INJETOR CORSA DELPHI','ICD00118 DELPH',165),(1975,'BOBINA IGNIÇÃO FORD ZETEC MAGNETI','BI0020MM MAGNE',98),(1976,'CILINDRO RODA TRASEIRA FORD CORCEL/DELREY FRE','FCR13009',30),(1977,'CORREIA ALTERNADOR GOL GV/FOX C/DH CONTITECH','6PK1200 ELASTI',95),(1978,'RETENTOR DA POLIA RENAULT CLIO ','7594V CORTECO',58),(1979,'CD PLAYER PIONEER USB 6280','DEH 6280 BT',690),(1980,'BUCHA AMORTECEDOR VW MB','',3),(1981,'DISCO FREIO FORD SOLIDO HIPPER','HF11',50),(1982,'KIT EMBREAGEM POLO 2.0 LUK COMPLETA','LUK',580),(1983,'CILINDRO IGNIÇÃO GM MORCEGO','',40),(1984,'CILINDRO IGNIÇÃO CVT/MZ/KDT MARZU','',25),(1985,'COXIM MOTOR GOL AT 1.0 ','',42),(1986,'KIT AMORTECEDOR DIANTEIRO SANTANA /2005','',20),(1987,'KIT EMBREAGEM OMEGA 2.0/2.2 GM','',480),(1988,'TRAMBULADOR OPALA 4 MARCHAS ','40229',85),(1989,'FILTRO AR VECTRA /96 IMPECA','',25),(1990,'EIXO BALANÇA CORCEL/PAMPA MB','',12),(1991,'JOGO PISTÃO C/ANEL VW AP ML',NULL,380),(1992,'FILTRO OLEO S10 2.8 TEC FIL','PSL340 TEC FIL',48),(1993,'BOMBA OLEO VW AP SCHADEK','10086 SCHADEK',120),(1994,'COMUTADOR IGNIÇÃO VW NOVO KOSTAL','',30),(1995,'JOGO VALVULAS ESCAPE UNO FIRE TRW','',75),(1996,'KIT AMORTECEDOR TRASEIRO PALIO MB','',12),(1997,'SELO BLOCO FIAT FIRE LF','',5),(1998,'COXIM ESCAPE UNO TRASEIRO MB','',3),(1999,'SAPATA FREIO TEMPRA/STILO ','FI91',57),(2000,'TAMBOR FREIO TRASEIRO TEMPRA/STILO ','PD9600',115),(2001,'JUNTA CARTER VW AP BRANIL',NULL,10),(2002,'KIT AMORTECEDOR TRASEIRO GOL/LOGUS','',12),(2003,'REGULADOR DE VOLTAGEM FORD FOCUS GAUSS ','GA123 ',150),(2004,'CABO EMBREAGEM SANTANA ','IKS1318',18),(2005,'JUNTA CABEÇOTE GM 2.0 SABO','16101 SABO',16),(2006,'JOGO JUNTA MOTOR GOL CHT SABO','',60),(2007,'TENSOR FORD CHT APLIC','',16),(2008,'AMORTECEDOR TRASEIRO KADETT COFAP','',160),(2009,'PIVO SUSPENSÃO KADETT PERFECT','PVI1001',35),(2010,'BALANÇA SUSPENSÃO FIESTA 2003/ PERFECT','BDJ9852',180),(2011,'CORREIA DENTADA PALIO/BRAVA 1.6 16V CONTITECH','',68),(2012,'JOGO PISTÃO C/ANEL FIESTA 1.O 8V ZETEC','',458),(2013,'BRONZINA BIELA FORD ZETEC FM','',54),(2014,'BRONZINA MANCAL FORD ZETEC FM','',77),(2015,'BOMBA OLEO FORD ZETEC MAXX','',230),(2016,'CORRENTE FORD ZETEC LF','',20),(2017,'JOGO JUNTA MOTOR FORD ZETEC C/RET.LIMA','',225),(2018,'SELO BLOCO FORD ZETEC LF',NULL,5),(2019,'COMANDO VALVULA GM ASTRA 2.0 ','93272192',285),(2020,'JOGO BALANCINS GM ',NULL,180),(2021,'MANGUEIRA SUPERIOR ASTRA JM','',14),(2022,'COXIM MOTOR ASTRA DIANT.DIR.SAMPEL','3112 SAMPEL',89),(2023,'JOGO MOLAS ESPORTIVAS SAVEIRO ALIPERTI','AL8224',650),(2024,'CILINDRO MESTRE KOMBI 75/81 VARGA','RCCM27778',68),(2025,'REGULADOR VOLTAGEM GM/FIAT/VW/FORD','93325320 GM',120),(2026,'BICO INJETOR SANTANA 1 BICO MAGNETI','',290),(2027,'TAMBOR FREIO CORSA ','',84),(2028,'RESERVATORIO AGUA RAD.DOBLO FIAT','',128),(2029,'ATUADOPR EMBREAGEM FORD KA/FIESTA SKF','',148),(2030,'JUNTA COLETOR ESCAPE CHEVETTE ','',5),(2031,'PONTA HOMOCINETICA VECTRA 97/ STOCK','JHS203011',150),(2032,'CUBO DIANTEIRO KOMBI VOBER','28405 VOBER',68),(2033,'KIT ROLAMENTO DIANTEIRO KOMBI GIRO','',30),(2034,'RETENTOR RODA TRASEIRA FUSCA/BSB SABÓ','1095 SABÓ',5),(2035,'BOBINA IGNIÇÃO VECTRA 16V BOSCH','F000ZSO205',170),(2036,'AMORTECEDOR TRASEIRO GOL /94 COFAP','B47857',170),(2037,'RETENTOR RODA TRASEIRA VW/FORD/GM SABÓ','1988 SABÓ',5),(2038,'SENSOR MAP GM MAX AUTO','',90),(2039,'BOIA TANQUE VW GOL/PARATI VDO /94',NULL,55),(2040,'RETENTOR POLIA VW 5159','5159 SABÓ',28),(2041,'CABO EMBREAGEM FIAT UNO 1.5 /89','IKS3302',10),(2042,'REGULADOR DE VOLTAGEM 032 BOSCH','9190087032',40),(2043,'REGULADOR BOSCH VW/FIAT 2 SAIDAS BOSCH','F00MA45303',140),(2044,'FILTRO OLEO BMW 325 FRAM','',18),(2045,'JOGO VELAS BMW NGK','',84),(2046,'REPARO PINÇA MONZA/KADETT CONTROIL','C1525',13),(2047,'SENSOR NIVEL FOX FLEX  TSA ','TSA0100140',65),(2048,'PASTILHAS FREIO RANGER BENDIX PD332','HQ2058 BENDIX',65),(2049,'CEBOLINHA OLEO PEUGEOT/CITROEN 3RHO','3396 3RHO',25),(2050,'PASTILHAS FREIO TRAS.TIPO/TEMPRA SYL 1001','PD430',58),(2051,'AMORTECEDOR DIANTEIRO ASTRA 99/ GM','93348918/917',448),(2052,'KIT AMORTECEDOR DIANT GM ASTRA/VECTRA/CORSA 0',NULL,55),(2053,'TAMPA RADIADOR OPALA ','FLORIO 13 ',7),(2054,'HIDROVACUO VERSALLES/ROYALE ','RCSF0056.5',160),(2055,'LAMPADA 1 POLO LARANJA PHILLIPS','',5),(2056,'RETENTOR EIXO PILOTO FORD SABO','1837 SABO',10),(2057,'COXIM AMORTECEDOR SANTANA AXIOS','220742 AXIOS',35),(2058,'FILTRO AR S10 TUBO FRAM','CA5961PU FRAM',35),(2059,'BOMBA COMBUSTIVEL  MOTOR AP','CWBI99151',50),(2060,'COXIM AMORTECEDOR DIANT.UNO MB','',12),(2061,'BUCHA PONTA ESTABILIZADOR FIAT MB','',3),(2062,'KIT ESTABILIZADOR FIAT EXT. MB','',5),(2063,'BOMBA DAGUA TIPO 1.6 UB761 UNIBOMBAS','BD9028 UNIBOMB',130),(2064,'JOGO PISTÃO C/ANEL VW AP 1.6 ALC ML','PEA1478 ML',497),(2065,'JOGO VALVULAS VW AP 1.6/1.8 METAL LEVE','',78),(2066,'CILINDRO RODA PALIO WEEKEND/TEMPRA/MAREA','DF8872',30),(2067,'KIT EMBREAGEM FORD ENDURA ZETEC FORD','97FU7540AA',250),(2068,'SUPORTE CAMBIO GOL/SANTANA ','VW1064 ',15),(2069,'CABO VELOCIMETRO OPALA IKS','',15),(2070,'AMORTECEDOR TRASEIRO MONZA CORVEN','42312 CORVEN',190),(2071,'JOGO VELAS TR6B10 NGK','TR6B10 NGK',48),(2072,'FILTRO DE OLEO VW AT 1.0/1.6 ','PSL560',12),(2073,'COMANDO VALVULAS GOL 1.0 8V ','030109101 CB ',170),(2074,'CILINDRO EMBREAGEM CAMBIO PALIO SKF','VKCH4723',98),(2075,'JOGO JUNTA MOTOR CORSA 1.6 S/RET. BRANIL','',48),(2076,'ALAVANCA FREIO MÃO UNO LF','',55),(2077,'HASTE ALAVANCA UNO KIT CIA','10084 KIT CIA',18),(2078,'KIT PINÇA FREIO CORCEL/PAMPA LF','',20),(2079,'JOGO JUNTA MOTOR CHEVETTE SABO','',98),(2080,'INJETOR CARBURADOR VW AP ','',10),(2081,'INDUZIDO MOTOR PARTIDA GOL BOLA MI INDUTEC','',165),(2082,'OLEO MOTOR SELENIA 14W40','',28),(2083,'RADIADOR FOX/GOL G5 VALEO','735123 VALEO',210),(2084,'MANGUEIRA SUPERIOR FIESTA JM','',48),(2085,'AMORTECEDOR DIANTEIRO TEMPRA COPAP','',250),(2086,'SENSOR NIVEL SANTANA ','221040017R',60),(2087,'CALÇO MOLA VW MB','',5),(2088,'CALÇO MOLA GM MB','',5),(2089,'FILTRO OLEO FIESTA/ECO/ZETEC BOSCH','OB0003',18),(2090,'JOGO CABOS VELAS PASSAT/GOL MARFLEX','1500 MARFLEX',15),(2091,'POTENCIONADOR MARCHA LENTA CORSA/PRISMA GM','98500112 GM',138),(2092,'JOGO JUNTA CAMBIO FIAT BRANIL','',7),(2093,'JOGO ARRUELAS ENCOSTO FORD AE060 ML','AE060 ML',19),(2094,'BOBINA IGNIÇÃO PALIO 1.6 16V DPL','DPL202346',140),(2095,'FILTRO LUBRIFICANTE S10 2.8 02/ FRONTIER MWM ','PSC498/3 TEC F',60),(2096,'AUTOMATICO S10 2.8/RANGER ZM695','ZM695',115),(2097,'KIT JUNTA CABEÇOTE FIAT FIRE 8V BRASMECK','401047 BRASMEC',45),(2098,'DISCO FREIO FOX/GOLF 1.6 HIPPER','HF81 HIPPER',110),(2099,'COXIM MOTOR FORD KA/FIESTA ZAP','ZAP0011',90),(2100,'CUBO DIANTEIRO GOLF/98 HIPPER','HFCD02',38),(2101,'ROLAMENTO DIANTEIRO GOLF/POLO SKF','BAHB311443B',85),(2102,'RETENTOR LATERAL CAMBIO GOLF SABO 1783','1783BRG SABO',15),(2103,'COXIM MOTOR DIANT.ASTRA GM 94736133','94736133 GM',98),(2104,'COTOVELO DAGUA GOLF/FOX 1.6','',10),(2105,'CARCAÇA DGUA FOX/GOLF 1.6 LF','',48),(2106,'CILINDRO MESTRE OMEGA GM','93229553',180),(2107,'SENSOR NIVEL FOX/CROSSFOX VW','5Z0919052B',150),(2108,'KIT HIDRAULICO FORD FIESTA/KA LF','',80),(2109,'KIT EMBREAGEM GOL/SAVEIRO GIV SACHS','6105 SACHS',230),(2110,'CARTER MOTOR GOL MI 1.0 DHF','DHF6125',50),(2111,'ADITIVO PARAFLU ORGANICO','',25),(2112,'CUBO DIANTEIRO CORSA VOBER','',40),(2113,'PASTILHAS FREIO HONDA CIVIC PD71 FRASLE','PD71 FRASLE',120),(2114,'MODULO IGNIÇÃO CORSA GAUSS GA2912','GA2912',80),(2115,'BOBINA IGNIÇÃO LOGUS/POLO/GOLF DPL','',150),(2116,'MODULO IGNIÇÃO LOGUS/GOLF GAUSS','',80),(2117,'SENSOR TEMP.INJEÇÃO VW MTE4046','MTE4046',38),(2118,'PONTA HOMOCINETICA FOCUS SKF','',170),(2119,'MANGUEIRA SUSPIRO MONZA C/RABICHO JM','7064 JAMAICA',30),(2120,'OLEO SEMISINTETICO HAVOLINE','',20),(2121,'FILTRO OLEO MOTOR GM 1.0 A 2.4','93156310',12),(2122,'FILTRO OLEO PEUGEOT/CLIO FRAM PH5796','PH5796 FRAM',16),(2123,'GUARNIÇÃO FLANGE BOMBA COMBUSTIVEL ICELCAR','20001 ICELCAR',10),(2124,'INTERRUPTOR FREIO FOX/GV VW','',119),(2125,'KIT EMBREAGEM F1000/F4000 /92 LUK','628220400 LUK',550),(2126,'BOBINA IGNIÇÃO 077 MARFLEX','MB928077',45),(2127,'JUNTA DESLIZANTE CORSA 22 DENTES STOCK','JDS203.206',120),(2128,'BUCHA BALANÇA FOX METAL LF','',40),(2129,'BOMBA COMBUSTIVEL INJEÇÃO FIAT ','MAM00210',130),(2130,'CABO EMBREAGEM TEMPRA IKS','IKS3305',38),(2131,'AMORTECEDOR DIANTEIRO COROLLA COFAP','GP32498M',280),(2132,'SENSOR NIVEL CORSA TANQUE FERRO VDO','221040001R',55),(2133,'KIT EMBREAGEM PEUGEOT 1.6 8V LUK','620161200 LUK',380),(2134,'CONEXÃO T 4/6MM','',2),(2135,'BOMBA COMBUSTIVEL COURIER FORD ATE 09/03','DPL180307',230),(2136,'JOGO CABOS VELAS VECTRA/ASTRA/KDT/MZ 97/ GM','93374938 GM',88),(2137,'SENSOR NIVEL FIAT UNO FLEX ','F000TE110J',65),(2138,'COXIM MOTOR VECTRA BIELA MB','16028 BORAUTO',30),(2139,'ANEL DESCARGA VW/GM MB','',1),(2140,'PARAFUSO RODA FORD KA/LOGUS LF','',5),(2141,'BRAÇO TRASEIRO CORCEL/DELREY FORD GRAZIMETAL','FO3000 GRAZIME',50),(2142,'KIT EMBREAGEM COMPLETO S10/BLAZER 2.2 ','623305500',360),(2143,'PIVO GOL PERFECT','',30),(2144,'TENSOR ALTERNADOR VW AP 2 POLIAS ROLTENS','RT6626',98),(2145,'ANTI CHAMA VW AP AJE','',7),(2146,'TRAVA PEDAL G10','',35),(2147,'ATUADOR MARCHA LENTA GM/TIPO BOSCH','0132008602',188),(2148,'KIT TBI PALIO LF','',10),(2149,'CILINDRO MESTRE SANTANA /94 VARGA','RCCD00543',75),(2150,'CABO EMBREAGEM GOL 1.0 MI 97/ FANIA','0614980000',30),(2151,'JOGO PISTÃO C/ANEL GOL MI 1.0 8V 1.00 KICTECH','PEA2343 1.00',350),(2152,'JOGO JUNTA MOTOR INF.VW AT C/RET.SABO','80365 SABO',95),(2153,'JOGO JUNTA MOTOR SUP.VW AT C/RET.SABO','79647 SABO',102),(2154,'PESCADOR BOMBA OLEO VW AT SCHADEK','11341 SCHADEK',55),(2155,'BOMBA OLEO GOL MI AT MAXI','MBO8002',140),(2156,'MANGUEIRA TBI PALIO/UNO GONEL',NULL,65),(2157,'HIDROVACUO GOL/PARATI /96 CONTROIL','C5600 CONTROIL',130),(2158,'BOIA TANQUE FUSCA 77/ VDO','220002002R',35),(2159,'CANO COBRE METRO','',12),(2160,'COXIM MOTOR OPALA/CHEVETTE MB','10010 MB',12),(2161,'MANGUEIRA SUPERIOR CHEVETTE JAMAICA','7020 JAMAICA',10),(2162,'MANGUEIRA INFERIOR CHEVETTE 87/ JAMAICA','7025 JAMAICA ',65),(2163,'JOGO PISTÃO VW AP 1.6 MI METAL LEVE','PEA2436 ML',730),(2164,'FILTRO OLEO RANGER 3.0 METAL LEVE','OX169/1D',48),(2165,'FILTRO ACD CELTA/PRISMA GM','93344588 GM',28),(2166,'PONTA HOMOCINETICA PALIO FIASA COFAP ','',110),(2167,'LAMPADA HB4 PHILIPS ','9006 ',30),(2168,'JOGO CABOS VELAS GM 1.8/2.0/2.2 ASTRA/VECTRA/','93374938 GMB',88),(2169,'DISCO FREIO CORSA/CELTA SOLIDO HIPPER','HF23 HIPPER',58),(2170,'KIT ROLAMENTO DIANT.ESCORT/92 HOBBY','VKBA4687',78),(2171,'FILTRO OLEO HONDA CIVIC 2001/ FRAM','PH8999 FRAM',18),(2172,'CILINDRO MESTRE CORSA CONTROIL','C2082',75),(2173,'CORREIA ALTERNADOR GM CONTITECH','6PK1780',38),(2174,'BIELA MOTOR VW AR ORIGINAL','',132),(2175,'TUBO FLEXIVEL VW AR IKS','IKS1301',7),(2176,'AMORTECEDOR DIANTEIRO PALIO CARTUCHO GD','107GD',180),(2177,'CHAVE SETA CORSA/VECTRA KOSTAL ','',50),(2178,'CILINDRO MESTRE LOGUS CONTROIL','C2038 CONTROIL',90),(2179,'JUNTA COLETOR ESC.GOL POWER 1.0 8V SPAAL','46933FF SPAAL',10),(2180,'JOGO MOLAS DIANTEIRA FORD KA ','',105),(2181,'JOGO CABOS VW AP 96/05 NGK/BOSCH','STV18 NGK',98),(2182,'FLUTBOCK FORM MB','',9),(2183,'CORREIA DENTADA PEUGEOT/RENAULT 206 16V CONTI','CT1045 CONTI',75),(2184,'TENSOR CORREIA DENTADA PEUGEOT 206 1.0 16V 01','RT8319',120),(2185,'MANGUEIRA BOMBA DAGUA VECTRA 16V JM','7212 JAMAICA',38),(2186,'CABO CAPO SANTANA IKS','',15),(2187,'AMORTECEDOR DIANTEIRO GOLF/AUDI /98 MONROE','436901E',460),(2188,'KIT AMORTECEDOR DIANT.GOLF NAPA','',45),(2189,'CARVÃO DISTRIBUIDOR LF','',2),(2190,'RETENTOR TRAMBULADOR CORSA/CELTA 00/ GM','93347169 GMB',45),(2191,'BOMBA INJEÇÃO PEUGEOT/CITROEN DPL','DPL180388',130),(2192,'ANTI CHAMA STRADA/FIORINO FIRE AJE','AJE087131',35),(2193,'ROLAMENTO DIANTEIRO TEMPRA/FIORINO/STRADA SKF','BAH0012AD',65),(2194,'CORREIA ALTERNADOR FIAT PALIO/STRADA CT','5PK955',25),(2195,'JOGO MOLAS DIANTEIRA ASTRA/VECTRA 98/ CINDUME','CIN246',150),(2196,'JOGO MOLAS TRASEIRA ASTRA/VECTRA 98/ ALLIPETI','AL197',145),(2197,'BIELETA ASTRA/VECTRA/ZAFIRA 98/ VIC METAL','',24),(2198,'KIT AMORTECEDOR DIANTEIRO ASTRA/VECTRA/CORSA ','',60),(2199,'ATUADOR EMBREAGEM FOR KA/FIESTA SKF','',160),(2200,'RETENTOR VOLANTE FORD ZETEC CORTECO','',95),(2201,'JUNTA CARTER FORD KA/FIESTA SABO','',15),(2202,'BENDIX MOTOR PARTIDA GOL MI ZEN','HNZ933',98),(2203,'COXIM AMORTECEDOR DIANT. FIESTA 02/','',70),(2204,'JOGO PISTÃO C/ANEL CORSA VHC GM','',550),(2205,'CILINDRO IGNIÇÃO S10/BLAZER ',NULL,70),(2206,'CAIXA DIREÇÃO FIESTA 1.0/1.4 TECMECANIC','TEC10036',250),(2207,'LAMPADA H7 SUPERBRANCA 55W AGUIA ',NULL,30),(2208,'KIT EMBREAGEM VW 1300 VALEO ','',230),(2209,'BOIA TANQUE FIAT UNO 88/ GAS. TSA','TSA060004',80),(2210,'JOGO VELAS HONDA CIVIC 2007/ 1.8 16V NGK','IZFR6K11DS',290),(2211,'AMORTECEDOR DIANTEIRO TIPO MAXX','',380),(2212,'FLEXIVEL FREIO CHEVETTE NORFLEX','',10),(2213,'BOMBA OLEO GM 2.2 ','93382730 GM',298),(2214,'TUBO BOMBA DAGUA GM VALCLEI','VC403 VALCLEI',5),(2215,'HIDROVACUO PALIO ATE ','',120),(2216,'CABO ACELERADOR CORSA 96/ ','151363 CABOVEL',25),(2217,'CABO VELOCIMETRO MONZA 85/91 ','IKS 4405',16),(2218,'BARRA AXIAL FIAT UNO VIEMAR','680003 VIEMAR',28),(2219,'PONTA HOMOCINÉTICA STRADA PERFECT ','KJH1619',130),(2220,'OLEO AC DELCO 5W30 ','',23),(2221,'FILTRO AR RANGER 3.0 WEGA','WR198 WEGA',40),(2222,'FILTRO DIESEL RANGER 3.0 2005/ WEGA','FCR2061 WEGA',85),(2223,'CEBOLINHA OLEO FUSCA MARFLEX','7186E',6),(2224,'TAMPA VALVULAS CORSA PLASTICO ','',45),(2225,'CHAVE SETA GOL/89 MARILIA','',40),(2226,'BICO INJETOR SANTANA LF','',10),(2227,'DISCO FREIO UNO 2010/ HIPPER','HF31B HIPPER',70),(2228,'PASTILHAS FREIO UNO 2010/ SYL','',45),(2229,'CARCAÇA VALVULA TERMOST. ZETEC DOFAB','',30),(2230,'JUNÇÃO CAIXA DIREÇÃO OPALA PLATINUM ','PL-7835',65),(2231,'VALVULA DE PARTIDA FRIA VW','',109),(2232,'VALVULA PARTIDA FRIA VW','',109),(2233,'FILTRO OLEO RENAULT/PEUGEOT ML','OC195 ML',20),(2234,'JOGO CABOS VELAS TEMPRA ','SCT03',60),(2235,'JOGO CABOS VELAS FORD 1.4/1.6 MARFLEX','',15),(2236,'AMORTECEDOR DIANTEIRO MERIVA GM','',340),(2237,'BIELETA MERIVA/CORSA NOVO LF','',25),(2238,'ROLAMENTO DIANTEIRO CORSA/MERIVA SKF','',75),(2239,'REGULADOR FREIO TRAS. CHEVETTE VARGA','2101 CECCARELL',15),(2240,'KIT JUNTA CABEÇOTE FORD ZETEC BRANIL','',65),(2241,'JUNTA CARTER FORD ZETEC BRANIL','',25),(2242,'KIT TENSOR FORD ZETEC APLIC','129.9 APLIC',150),(2243,'SENSOR ROTAÇÃO CORSA DPL','DPL508739',70),(2244,'TENSOR CORREIA DENTADA AUDI 1.8 20V ROLTENS','RT7029 ROLTENS',190),(2245,'JOGO SAPATAS PALIO COBREQ ','0504CP',48),(2246,'FILTRO OLEO OMEGA 4.1 FRAM','PH5426',20),(2247,'FILTRO OLEO PEUGEOT 206 1.4/307 FRAM','CH9973ECO',20),(2248,'JOGO VARETA TUCHO VW AR APLIC','579 APLIC',65),(2249,'TENSOR CORREIA HID.ASTRA/VECTRA NOVO NYTRON','7795 NYTRON',5),(2250,'FLEXIVEL DIANTEIRO D20/92 NORFLEX','4027NORFLEX',20),(2251,'MANGUEIRA FILTRO AR DOBLO TODOS GONEL','G3327 GONEL',60),(2252,'REGULADOR VOLTAGEM VW/FIAT/FORD BOSCH','F00MA45303 BOS',130),(2253,'JOGO CABOS DE VELAS FORD MARFLEX','MF3100C MARFLE',12),(2254,'AUTOMATICO PART.FIAT PALIO BOSCH','F00ASH0134 BOS',70),(2255,'COLAR EMBREAGEM CORSA/OMEGA SKF ','VKC2215H SKF',45),(2256,'COXIM AMORT TRAS UNO MB ','50145 MB',12),(2257,'PASTILHA DE FREIO VECTRA CD SPEED ','SNA348 SPEED',50),(2258,'BOMBA DAGUA CHT MAXX','BD2076 MAXX',70),(2259,'PIVO GOL PERFECT 93/...','PVI1012 PERFEC',30),(2260,'TUBO ALUMINIO 50MM GATES ','28006 GATES',15),(2261,'BORRACHA FACAO 2 PONTO FUSCA MB ','30003 MB ',3),(2262,'BUCHA AMORT C/TURBO FUS/BRAS/VARI MB ','30004 MB ',3),(2263,'BUCHA AMORT C/TUBO D20 90/... MB ','13226 MB ',4),(2264,'BUCHA AMORT SUP TRAS OPA/CAR/ 69/87 OMEGA MB ','10028 MB ',1),(2265,'BUCHA BALANÇA INF CHEVETE MB ','11002 MB ',8),(2266,'BUCHA BRAÇO OSCILANTE UNO /PREMIO/ELBA/FIORIN','50143 MB ',5),(2267,'BUCHA BALANÇA DIANT  CHEVETE MB ','11003 MB ',6),(2268,'BUCHA EIXO TRAS GOL/VOYAGE ../97 MB ','33023 MB ',6),(2269,'BUCHA ESTAB TRAS C/TUBO CHEVETE/OPALA/CARAVAN','11008 MB ',4),(2270,'BUCHA TIRANTE OPALA/CARAVAN 80/92 MB ','10003',6),(2271,'BUCHA TRAS BALANÇA KADETT/IPANEMA 91/.. MB ','14023',14),(2272,'BUCHA TRAS BALANÇA SUP DIANT CHEVETE MB ','11004 MB ',5),(2273,'CALCO MOLA DIANT OPALA/CARAVAN','10055 MB ',5),(2274,'CORREIA DENT GOL 1000 BV 96/..AUDI A3 1.0 99/','CT846 CONTITEC',35),(2275,'COXIM AMORT C/ROLAMENTO GOL/VOYAGE ../94 MB ','33059 MB ',12),(2276,'COXIM  EIXO TRAS CHEVETE 81/.. MB ','11025 MB ',25),(2277,'COXIM TRAS MOTOR MONZA 91/.. MB ','14003 MB ',35),(2278,'FLEXIVEL DIANT  GOL/VOYAGE NORFLEX','N7018/N29 NORF',8),(2279,'KIT ESTABILIZADOR MONZA ../90 MB ','12106 MB ',5),(2280,'KIT ESTAB DIANT MONZA 91/..','12107 MB ',5),(2281,'KIT ESTAB DIANT CHEVETE MB ','11088 MB ',5),(2282,'KIT ESTAB EXT PASSAT/SANTANA/GOL/VOYAGE/SAVEI','33006',2.5),(2283,'MANG ENT AQUEC PASSAT/AT-TODOS JM ','2016JM',7),(2284,'BATENTE AMORT TRAS SANTANA/VERSALES MB ','35028 MB ',7),(2285,'BUCHA EIXO TRAS SANTANA/VERSSALES MB ','35031 MB ',12),(2286,'SUPORTE COXIM CAMBIO GOL/VOYAGE 1.8 MB ','33169 MB ',10),(2287,'COIFA CX DIR CHEVETE MB ','11020 MB ',5),(2288,'COIFA CX DIR ESCORT/VERONA/APOLO ','21017 MB ',5),(2289,'COIFA CX DIR ZF FIESTA/KA/CORSA/CELTA','21185 MB ',5),(2290,'MANGUEIRA FILTRO AR DOBLO FIAT ','46774148 FIAT ',218),(2291,'CAIXA DIREÇÃO FUSCA/BSB AMPRI','24109 AMPRI',220),(2292,'SHELL HELIX 15W40 SEMI SINTETICO ','HX-6',20),(2293,'BUCHA BALANÇA DIANT FIESTA/ECOSPORT BFX','226 BFX',16),(2294,'RESERVATORIO AGUA RAD MONZA 84/93 S/AR GONEL ','G-1203 GONEL ',48),(2295,'TAMPA RESEVATORIO GM MF','MF32 FLORIO',7),(2296,'RADIADOR PALIO FIRE VALEO ','732353R VALEO',18),(2297,'DISCO FREIO ECOSPORT/FIESTA 16V/FOCUS HIPPER','HF18B HIPPER',120),(2298,'JOGO JUNTA MOTOR GM 2.0 BRASMECK','',50),(2299,'LANPADA TORPEDO GRANDE 10W 12 IMPORTA ','TG',1),(2300,'LAMPADA TORPEDO PEQUENO 12V IMPORTA ','TP',1),(2301,'RELE AUXILIAR 5 TER C/SUPORTE 40A PRETO HL ','HL 1900',10),(2302,'AUTOMATICO PART.GM CORSA/OMEGA/VECTRA 12V BOS','ZM775 ZA ',90),(2303,'CHICOTE DISTRIBUIDOR GM LINHA LEVE BOSCHE ETE','7693 ETE ',15),(2304,'CABO FREIO MAO KADETT L/D IKS ','IK4222 IKS ',48),(2305,'CABO FREIO MAO KADETT L/ESQ IKS','IK4209 IKS ',18),(2306,'COXIN MOTOR OPALA CHEVETE MG','10010 MG ',12),(2307,'COXIN MOTOR UNO/ELBA/PREMIO 91/.. MG ','50183 MG ',25),(2308,'COXIM MOTOR CANDINHA FUSCA MG ','30010 MG ',7),(2309,'FLUTOBLOC AMORT DIANT 10MM MG ','20006',8),(2310,'KIT ESTAB INTERNO 15MM UNO 91/..','50195 MG',4),(2311,'KIT ESTAB PONTA UNO 91/..MG ','50194 MG ',5),(2312,'MANG COL ADM MONZA /KADETT 87/89 MG ','7086 MG ',10),(2313,'MANG INF MONZA/KADETT C/AR JM','7096 JM ',25),(2314,'MANG INF PALIO 1.0 S/AR JM ','10141 JM ',12),(2315,'COXIN MOTOR L/CAMB ESQ UNO 86/.. MG ','50083 MG ',25),(2316,'COXIN AMORT DIANT C/ROL GOL/PARAT MG ','33176 MG ',22),(2317,'COIFA AMORT DIANT PASSAT/GOL MG ','33003 MG ',4),(2318,'DISCO FEIO DIANT VENT CORSA 1.0 16V MG ','HF20 MG ',57),(2319,'JOGO PARAFUSO RODA CROMADO VW/FIAT/GM','PO5003 LF ',40),(2320,'CORREIA DENT PALIO/STRADA/FIORINO 1.5 96/..','CT965',35),(2321,'JOGO PISTÃO FIAT UNO INJEÇÃO METAL',NULL,320),(2322,'FILTRO AR FORD CHT OVAL METAL','LX64',20),(2323,'FILTRO AR FORD CHT 89/ METAL','LX202 METAL',16),(2324,'CABO ACEL. GOL AP 1.8 84/94  IKS ','IKS1110 ',12),(2325,'CABO ACELERADOR PASSAT ../83 IKS ','IKS1112',8),(2326,'CABO ACELERADOR CORCEL 83/89 IKS ','IKS2105',16),(2327,'CABO EMBREAGEM BRASILIA/VARIANT IKS ','IKS1312',8),(2328,'CABO EMBREAGEM APOLLO IKS ','IKS1310',20),(2329,'PIVO  KADETT/IPANEMA PERFECT','PV11030PERFECT',35),(2330,'TAMPA OLEO CHT FLORIO ','MF33 FLORIO ',6),(2331,'TAMPA OLEO FUSCA FLORIO ','MF25 FLORIO ',5),(2332,'CUBO TRASEIRO MONZA ','AL102 IMA ',90),(2333,'DIODO NEGATIVO/POSITIVO IKRO','IK3101',5),(2334,'GRAXA BISNAGA RICA','',3),(2335,'MANOPLA ALAVANCA UNIVERSAL LF','',5),(2336,'PASTILHAS FREIO VECTRA/OMEGA 2.0 SPEED','PD37',60),(2337,'KIT ROLAMENTO DIANT.CORCEL/PAMPA SKF','',75),(2338,'BENDIX MOTOR PARTIDA PALIO/PEUGEOT ZEN0976','ZEN0976',98),(2339,'REPARO PLANETARIA VW/FIAT/GM/FORD/PEUGEOT ZEN','ZEN12693',10),(2340,'SENSOR NIVEL FOX/CROSSFOZ/SPACE TSA','TSA010099',68),(2341,'RETENTOR EIXO PILOTO VW AR','00224 SABO',16),(2342,'KIT EMBREAGEM FIAT 1.5/PALIO 1.5 LUK','619300800 LUK',390),(2343,'JOGO JUNTA MOTOR VW AP 2.0 S/RET.SABO','',80),(2344,'JOGO PISTÃO CORSA/CELTA FLEX 1.0 GM','',380),(2345,'POLIA VIRABREQUIM GOL MI 1.0 VW COR.ALT.','030105255G VW',60),(2346,'CORREIA ALTERNADOR VW/GM 6PK1795 GOODYEAR','6PK1795',30),(2347,'JOGO VALVULA ESCAPE FIAT FIASA TRW','VX1628AA',38),(2348,'PONTA HOMOCINETICA STILO STOCK','JHS201013',120),(2349,'AMORTECEDOR DIANTEIRO VECTRA GM','93316146/7 GM',380),(2350,'PIVO SUSPENSÃO VECTRA NAKATA','N398 NAKATA',49),(2351,'CORREIA DENTADA VECTRA 2.2 16V CONTITECH','CT924 CONTITEC',68),(2352,'KIT ESTABILIZADOR VECTRA LF','',6),(2353,'CABO FREIO MÃO UNO 2010/ CABOVEL','147300 CABOVEL',58),(2354,'COMANDO VALVULAS MONZA/KADETT GM ','',180),(2355,'TENSOR CORREIA DENTADA GM FASE II ROLTENS','',60),(2356,'TERMINA DIREÇÃO CORSA PERFECT','TDI1083',30),(2357,'OLEO MOTOR SHELL HX6 15W40','HX6 SHELL',20),(2358,'BIELETA POLO/GOLF 2001/ LF','',22),(2359,'VALVULA TERMOSTATICA PALIO FIASA MTE','VT24487',54),(2360,'FILTRO AR UNO NOVO FRAM','CA11104 FRAM',15),(2361,'BICO INJETOR PALIO/UNO MAGNETTI','IWP065',130),(2362,'COLETOR ADMISSÃO KOMBI LF','06A PAIPE',68),(2363,'CARBURADOR VW FUSCA/KOMBI BROSOL','112092 BROSOL',270),(2364,'COMUTADOR IGNIÇÃO FUSCA/BSB FACOBRAS','1091 FACOBRAS',20),(2365,'TAMPÃO DAGUA FORD/GM LF','',4),(2366,'REGULADOR VOLTAGEM PALIO DENSO','L9106A DENSO',90),(2367,'BOIA TANQUE FIAT UNO IE/EP TSA','T060006 TSA',140),(2368,'REPARO ALAVANCA CAMBIO PALIO /2000','1565 DOFAB ',20),(2369,'BOTÃO VIDRO DUPLO GOL GV KOSTAL','3934200 KOSTAL',30),(2370,'TRAMBULADOR PALIO DOFAB','1566 DOFAD',20),(2371,'KIT EMBREAGEM FOCUS 1.6 FORD','',400),(2372,'CILINDRO MESTRE ASTRA 99/ S/ABS VARGA','RCCD00950',130),(2373,'COXIM MOTOR ASTRA GM 94736126','94736126 GM',110),(2374,'BALANÇA SUSPENSÃO ASTRA/VECTRA/ZAFIRA PERFECT','BDJ2016',150),(2375,'SUPORTE MOTOR ASTRA GM 90575233','90575233',148),(2376,'COXIM AMORTECEDOR DIANTEIRO CORSA ','',15),(2377,'BUCHA EIXO TRASEIRO LOGUS/ESCORT AXIOS','110683 AXIOS',20),(2378,'TRIZETA CLIO/LAGUNA/MEGANE IMA','AL955 IMA',68),(2379,'PONTA HOMOCINÉTICA FORD KA /98 STOCK','',80),(2380,'COXIM MOTOR FORD KA L/DIR.ZAP0004','ZAP0004',75),(2381,'COXIM MOTOR FIESTA 2002/ LD ZAP1521','ZAP1521',90),(2382,'SERVO FREIO GOL GV VW','5U1612105A',670),(2383,'BICO INJETOR GOL GV VW','',220),(2384,'DISCO FREIO CORSA NOVO HF23 HIPPER','HF23B',98),(2385,'PASTILHAS FREIO CORSA NOVO PD46 FRASLE','PD46 FRASLE',48),(2386,'DISCO FREIO PAMPA HIPPER','HF12 HIPPER',80),(2387,'RELE AUXILIAR 70AMP DNI 4 SAIDAS','DNI0122',20),(2388,'BOMBA INJEÇÃO UNIV.4BAR MAGNETTI','MAM219 MAGNET',140),(2389,'BOMBA INJEÇÃO VDO FLEX','',168),(2390,'CILINDRO RODA CELTA/PRISMA 03/ CONTROIL','C3500 CONTROIL',30);
/*!40000 ALTER TABLE `produto` ENABLE KEYS */;
UNLOCK TABLES;

--
-- Table structure for table `carro`
--

DROP TABLE IF EXISTS `carro`;
/*!40101 SET @saved_cs_client     = @@character_set_client */;
/*!40101 SET character_set_client = utf8 */;
CREATE TABLE `carro` (
  `id` int(10) unsigned NOT NULL AUTO_INCREMENT,
  `id_cliente` int(10) unsigned NOT NULL,
  `modelo` varchar(45) DEFAULT NULL,
  `ano` varchar(5) DEFAULT NULL,
  `marca` varchar(45) DEFAULT NULL,
  PRIMARY KEY (`id`),
  KEY `Carro_FKIndex1` (`id_cliente`),
  CONSTRAINT `carro_ibfk_1` FOREIGN KEY (`id_cliente`) REFERENCES `cliente` (`id`)
) ENGINE=InnoDB AUTO_INCREMENT=48 DEFAULT CHARSET=utf8;
/*!40101 SET character_set_client = @saved_cs_client */;

--
-- Dumping data for table `carro`
--

LOCK TABLES `carro` WRITE;
/*!40000 ALTER TABLE `carro` DISABLE KEYS */;
INSERT INTO `carro` VALUES (45,1,'Corsa','2001','Chev'),(46,2,'Impeza','2012','Subaru'),(47,3,'Uno','2002','Fiat');
/*!40000 ALTER TABLE `carro` ENABLE KEYS */;
UNLOCK TABLES;

--
-- Table structure for table `orcamento`
--

DROP TABLE IF EXISTS `orcamento`;
/*!40101 SET @saved_cs_client     = @@character_set_client */;
/*!40101 SET character_set_client = utf8 */;
CREATE TABLE `orcamento` (
  `id` int(10) unsigned NOT NULL AUTO_INCREMENT,
  `id_cliente` int(10) unsigned NOT NULL,
  `data_emissao` varchar(20) DEFAULT NULL,
  `hora_emissao` varchar(20) DEFAULT NULL,
  `valor` double DEFAULT NULL,
  `id_carro` int(11) DEFAULT NULL,
  PRIMARY KEY (`id`),
  KEY `Orcamento_FKIndex1` (`id_cliente`),
  CONSTRAINT `orcamento_ibfk_1` FOREIGN KEY (`id_cliente`) REFERENCES `cliente` (`id`)
) ENGINE=InnoDB AUTO_INCREMENT=36 DEFAULT CHARSET=utf8;
/*!40101 SET character_set_client = @saved_cs_client */;

--
-- Dumping data for table `orcamento`
--

LOCK TABLES `orcamento` WRITE;
/*!40000 ALTER TABLE `orcamento` DISABLE KEYS */;
INSERT INTO `orcamento` VALUES (31,1,'21/06/2012','13:31:57',241,45),(32,2,'21/06/2012','01:24:49',60,46),(33,3,'21/06/2012','01:26:32',91,47),(34,1,'21/06/2012','13:15:36',2,45),(35,2,'21/06/2012','13:32:21',1104,0);
/*!40000 ALTER TABLE `orcamento` ENABLE KEYS */;
UNLOCK TABLES;

--
-- Table structure for table `orcamento_produto`
--

DROP TABLE IF EXISTS `orcamento_produto`;
/*!40101 SET @saved_cs_client     = @@character_set_client */;
/*!40101 SET character_set_client = utf8 */;
CREATE TABLE `orcamento_produto` (
  `id_produto` int(10) unsigned NOT NULL,
  `id_orcamento` int(10) unsigned NOT NULL,
  `quantidade` int(10) DEFAULT NULL,
  PRIMARY KEY (`id_produto`,`id_orcamento`),
  KEY `Produto_has_Orcamento_FKIndex1` (`id_produto`),
  KEY `Produto_has_Orcamento_FKIndex2` (`id_orcamento`),
  CONSTRAINT `orcamento_produto_ibfk_1` FOREIGN KEY (`id_produto`) REFERENCES `produto` (`id`),
  CONSTRAINT `orcamento_produto_ibfk_2` FOREIGN KEY (`id_orcamento`) REFERENCES `orcamento` (`id`)
) ENGINE=InnoDB DEFAULT CHARSET=utf8;
/*!40101 SET character_set_client = @saved_cs_client */;

--
-- Dumping data for table `orcamento_produto`
--

LOCK TABLES `orcamento_produto` WRITE;
/*!40000 ALTER TABLE `orcamento_produto` DISABLE KEYS */;
INSERT INTO `orcamento_produto` VALUES (1,32,NULL),(1,33,NULL),(1,34,2),(1,35,4),(2,31,5),(2,35,4),(3,31,3),(3,32,NULL),(3,35,4),(4,35,4),(6,31,4),(6,33,NULL);
/*!40000 ALTER TABLE `orcamento_produto` ENABLE KEYS */;
UNLOCK TABLES;

--
-- Table structure for table `perfil`
--

DROP TABLE IF EXISTS `perfil`;
/*!40101 SET @saved_cs_client     = @@character_set_client */;
/*!40101 SET character_set_client = utf8 */;
CREATE TABLE `perfil` (
  `id` int(10) unsigned NOT NULL AUTO_INCREMENT,
  `perfil` varchar(45) DEFAULT NULL,
  PRIMARY KEY (`id`)
) ENGINE=InnoDB AUTO_INCREMENT=2 DEFAULT CHARSET=utf8;
/*!40101 SET character_set_client = @saved_cs_client */;

--
-- Dumping data for table `perfil`
--

LOCK TABLES `perfil` WRITE;
/*!40000 ALTER TABLE `perfil` DISABLE KEYS */;
INSERT INTO `perfil` VALUES (1,'Admin');
/*!40000 ALTER TABLE `perfil` ENABLE KEYS */;
UNLOCK TABLES;

--
-- Table structure for table `requisicao_produto`
--

DROP TABLE IF EXISTS `requisicao_produto`;
/*!40101 SET @saved_cs_client     = @@character_set_client */;
/*!40101 SET character_set_client = utf8 */;
CREATE TABLE `requisicao_produto` (
  `id_requisicao` int(10) unsigned NOT NULL,
  `id_produto` int(10) unsigned NOT NULL,
  `quantidade` int(10) DEFAULT NULL,
  PRIMARY KEY (`id_requisicao`,`id_produto`),
  KEY `Produto_has_Requisicao_FKIndex1` (`id_produto`),
  KEY `Produto_has_Requisicao_FKIndex2` (`id_requisicao`),
  CONSTRAINT `requisicao_produto_ibfk_1` FOREIGN KEY (`id_produto`) REFERENCES `produto` (`id`),
  CONSTRAINT `requisicao_produto_ibfk_2` FOREIGN KEY (`id_requisicao`) REFERENCES `requisicao` (`id`)
) ENGINE=InnoDB DEFAULT CHARSET=utf8;
/*!40101 SET character_set_client = @saved_cs_client */;

--
-- Dumping data for table `requisicao_produto`
--

LOCK TABLES `requisicao_produto` WRITE;
/*!40000 ALTER TABLE `requisicao_produto` DISABLE KEYS */;
INSERT INTO `requisicao_produto` VALUES (2,1,1),(2,2,1),(2,4,1);
/*!40000 ALTER TABLE `requisicao_produto` ENABLE KEYS */;
UNLOCK TABLES;

--
-- Table structure for table `requisicao`
--

DROP TABLE IF EXISTS `requisicao`;
/*!40101 SET @saved_cs_client     = @@character_set_client */;
/*!40101 SET character_set_client = utf8 */;
CREATE TABLE `requisicao` (
  `id` int(10) unsigned NOT NULL AUTO_INCREMENT,
  `cpf_mecanico` varchar(15) NOT NULL,
  `data_emissao` varchar(10) DEFAULT NULL,
  `hora_emissao` varchar(8) DEFAULT NULL,
  `valor` double DEFAULT NULL,
  PRIMARY KEY (`id`),
  KEY `Requisicao_FKIndex1` (`cpf_mecanico`),
  CONSTRAINT `requisicao_ibfk_1` FOREIGN KEY (`cpf_mecanico`) REFERENCES `mecanico` (`cpf`)
) ENGINE=InnoDB AUTO_INCREMENT=4 DEFAULT CHARSET=utf8;
/*!40101 SET character_set_client = @saved_cs_client */;

--
-- Dumping data for table `requisicao`
--

LOCK TABLES `requisicao` WRITE;
/*!40000 ALTER TABLE `requisicao` DISABLE KEYS */;
INSERT INTO `requisicao` VALUES (1,'111.111.111-11','hoje','agora',10),(2,'111.111.111-11','21/06/2012','13:31:10',266),(3,'222.222.222-22','teste','teste',90);
/*!40000 ALTER TABLE `requisicao` ENABLE KEYS */;
UNLOCK TABLES;

--
-- Table structure for table `cliente`
--

DROP TABLE IF EXISTS `cliente`;
/*!40101 SET @saved_cs_client     = @@character_set_client */;
/*!40101 SET character_set_client = utf8 */;
CREATE TABLE `cliente` (
  `id` int(10) unsigned NOT NULL AUTO_INCREMENT,
  `nome` varchar(45) DEFAULT NULL,
  `telefone` varchar(11) DEFAULT NULL,
  PRIMARY KEY (`id`)
) ENGINE=InnoDB AUTO_INCREMENT=11 DEFAULT CHARSET=utf8;
/*!40101 SET character_set_client = @saved_cs_client */;

--
-- Dumping data for table `cliente`
--

LOCK TABLES `cliente` WRITE;
/*!40000 ALTER TABLE `cliente` DISABLE KEYS */;
INSERT INTO `cliente` VALUES (1,'Azevedo','1234'),(2,'Bruno','234'),(3,'Camila','123'),(4,'Daniel','123'),(10,'Euler','456');
/*!40000 ALTER TABLE `cliente` ENABLE KEYS */;
UNLOCK TABLES;
/*!40103 SET TIME_ZONE=@OLD_TIME_ZONE */;

/*!40101 SET SQL_MODE=@OLD_SQL_MODE */;
/*!40014 SET FOREIGN_KEY_CHECKS=@OLD_FOREIGN_KEY_CHECKS */;
/*!40014 SET UNIQUE_CHECKS=@OLD_UNIQUE_CHECKS */;
/*!40101 SET CHARACTER_SET_CLIENT=@OLD_CHARACTER_SET_CLIENT */;
/*!40101 SET CHARACTER_SET_RESULTS=@OLD_CHARACTER_SET_RESULTS */;
/*!40101 SET COLLATION_CONNECTION=@OLD_COLLATION_CONNECTION */;
/*!40111 SET SQL_NOTES=@OLD_SQL_NOTES */;

-- Dump completed on 2012-06-21 13:39:01
